barcode,count
CGTTTAAACAATGAAG,89403
ACAAAGTCTCGAGAAG,40156
AAATAAGTACGCAAAT,34796
GACACAGAACCCATGC,33386
CCTTTCTCAAAACATA,33349
ACATTTCCCTCGATAT,32797
CGCCTAATGTTAATAA,32767
GTACAAACCTGCAAAT,32351
TCGAGAACACCCATAA,31248
TAATAAGCCAGCAAGA,31233
TGAGGATAATCACAAG,31115
AGTGTCCCTAAGAGGC,30999
GTTAAACGATCTATAG,26777
GATCCGTACTTTGATT,26500
CATGTGAATTCGCCCA,25574
GAACGATTGTAATTTT,23866
TTGAAAAAATCATAAA,23515
TTGGGGAAATATATAA,19594
CTGCACGAGAGACTTC,19564
AACTATAGATCTAGAA,19553
ACGACATGATCAAACG,19012
GTCCGTTGATAAAGAG,19002
CAATTAGAAATACATA,17848
ACAAAAGTACCTCTAC,17576
ACATGAATTCAGACGG,17096
CATCAACCGCCATTTC,17069
TTGGGCACTAAATTAA,16565
CACCTAGGATCGCACT,16454
GTAACATTATACGATT,16143
CCAGTTCCCTTCGATG,15706
ACATAAGAACCCTATA,15364
TATATTAGTAACATAA,15361
GTTTGACAATCACTAC,15318
TACGGACATTCTTAAC,14854
GATAGAAATACCAGGA,14770
AAATCTACCGCATTAT,14766
AAAAAATTTATGACAA,14704
TTATGATCTAAACAGA,14643
TAAGCCATAAATCAAT,14634
ACCTTACTAAATCCTG,14533
ACAATGTGACTCACCC,14494
CGGCGTATCGTTCACA,14307
AACCACCGAGTGACCG,14173
AGAGAAAAAACAGTGA,14156
TACCCTGCAAGCCACT,13970
CAGCAAAAGCATCACC,13864
GCATGGATCCTTTACT,13598
GATCTAATAATACGGC,13584
ATACCTCAACCTTGAA,13525
ATCCGATTTAAAGGCA,13200
AAGAGAAATATTCGCT,13060
AGCCCCGTGAGAAGCA,12871
AACGTTAACAAATGAA,12806
CGTAATACATTTAAGA,12668
TACTCAACAAGATAAA,12321
CAAATATATCTTCATG,12230
GAAGAAACTATAACCA,12132
TACCGTATAATTAAAA,11822
TTATCTGTAGAGCGCT,11624
GAGACGTACGAAATTA,11623
AACTCTAAAGATATAA,11385
AGCAGCCTGAAAATAT,10955
TAGCAGATGTATCAAT,10823
CCTCAAAATAACAAGC,10570
GCAACGCCAAATAATT,10503
GGATAAGAAAACTACT,10462
TTGTCCCGAGACAACA,10324
AGAGATAATAACAAAA,10221
GTAAAGCAAATCCATT,9578
GACCAACTGTGGTACA,9575
TGGAAAAGATGTAATA,9575
GACTATGGTCTAAAAA,9440
GTAGTGCATCATTGAT,9202
CTATTAATCATGCAAA,8866
AACGACAAACAGTAAG,8817
TCATATAAAGAAAAGG,8803
TAATGAGCTTTATGGT,8726
CACCATTAAAGAGGTA,8471
AAAAAACGCATGTAGA,8428
GTAGCTATAACTAATA,8285
TGGAATCGTCACCGAT,8285
TTCACTAAGATTTCAT,8224
CCCTATGCTGCGTATT,8140
AAACTAAAAGCAAGGG,8058
CAAGAACCCAAATATA,8058
AGGTCAAGACCACAGG,7905
TCTGTTCCGGCCCGAA,7710
AATGAAAGTTAGCATT,7450
GACTCAATAATCACAC,7447
AGTAAACATGCATTGG,7281
CTAGCAGATTGTATAA,7240
GCTGCGCCTAACATAA,7063
ACAGCAAATACTCACA,6831
TTACCGTCTACGCATA,6827
GAAGAATGGTTTTCTG,6740
TAGTATAATAGAGCAG,6330
GAGCTCTAAAGCAACA,6324
AACTCCGCAGACACTG,6207
TCTGCTAAACTAAGTA,5730
AGTCCTATCCTCAAAT,5715
GTTCCTTTAAGCCAAA,5681
GCCGGAGGGCATTTTC,5357
GACAGCAATGCATACA,4792
CTTTAAATTATAGTCT,4759
AACGAATGAATTTCTT,4406
ATGTCCATAAAAAATA,4220
CGGATAAAAATGATAT,3843
ACGGGGCCCAGGTAAT,3797
GCAATCCCGCAATTTG,3769
TCCTTGTAATTCAACT,3355
GAACTGGCGTCAATCA,3058
TAATTACATTGCGGTT,2967
AATAAGTATACGGGAT,2846
ATAGAATCGCAAATTA,2748
TAAATAACTCGTATTT,2704
GCCCAAGTAGGTGCAA,2305
CATACAGAGTTTGTTG,2191
CAGTTCTGCGACCAGC,1790
ACGGAATCCCCTGAGA,1260
