group,serum,virus,replicate,titer,titer_bound,titer_as,nt50,midpoint,top,bottom,slope
DRIVE,D10159d30,A/Washington/23/2020,plate11-GGATAAGAAAACTACT,1908,interpolated,midpoint,1978,1908,0.8499,0,10
DRIVE,D10159d30,A/Washington/23/2020,plate11-GAACTGGCGTCAATCA,2133,interpolated,midpoint,2182,2133,0.8984,0,10
DRIVE,D10159d30,A/Washington/23/2020,plate11-ACGGAATCCCCTGAGA,863,interpolated,midpoint,869.7,863,0.9631,0,9.992
DRIVE,D10159d30,A/Washington/23/2020,plate2-GGATAAGAAAACTACT,4034,interpolated,midpoint,4097,4034,0.9688,0,4.142
DRIVE,D10159d30,A/Washington/23/2020,plate2-GAACTGGCGTCAATCA,4239,interpolated,midpoint,4490,4239,0.9423,0,2.133
DRIVE,D10159d30,A/Washington/23/2020,plate2-ACGGAATCCCCTGAGA,3284,interpolated,midpoint,3379,3284,0.9379,0,4.643
DRIVE,D10159d30,A/California/07/2009,plate11-GACACAGAACCCATGC,2985,interpolated,midpoint,3103,2985,0.9396,0,3.33
DRIVE,D10159d30,A/California/07/2009,plate11-CGCCTAATGTTAATAA,2044,interpolated,midpoint,2132,2044,0.8292,0,10
DRIVE,D10159d30,A/California/07/2009,plate11-CATGTGAATTCGCCCA,6044,interpolated,midpoint,7319,6044,0.894,0,1.245
DRIVE,D10159d30,A/California/07/2009,plate11-CCTTTCTCAAAACATA,2331,interpolated,midpoint,2466,2331,0.8929,0,4.283
DRIVE,D10159d30,A/California/07/2009,plate2-CGCCTAATGTTAATAA,7927,interpolated,midpoint,9255,7927,0.9059,0,1.347
DRIVE,D10159d30,A/California/07/2009,plate2-GACACAGAACCCATGC,5485,interpolated,midpoint,6412,5485,0.8321,0,2.62
DRIVE,D10159d30,A/California/07/2009,plate2-CCTTTCTCAAAACATA,1.054e+04,interpolated,midpoint,1.329e+04,1.054e+04,0.8239,0,1.872
DRIVE,D10159d30,A/California/07/2009,plate2-CATGTGAATTCGCCCA,7628,interpolated,midpoint,8806,7628,0.8251,0,2.999
DRIVE,D10159d30,A/India/Pun-NIV312851/2021,plate11-CAAGAACCCAAATATA,1459,interpolated,midpoint,1524,1459,0.8232,0,10
DRIVE,D10159d30,A/India/Pun-NIV312851/2021,plate11-ACAGCAAATACTCACA,3916,interpolated,midpoint,4432,3916,0.8511,0,2.859
DRIVE,D10159d30,A/India/Pun-NIV312851/2021,plate11-GTAGCTATAACTAATA,1594,interpolated,midpoint,1686,1594,0.7849,0,10
DRIVE,D10159d30,A/India/Pun-NIV312851/2021,plate2-ACAGCAAATACTCACA,1816,interpolated,midpoint,1868,1816,0.9595,0,3.015
DRIVE,D10159d30,A/India/Pun-NIV312851/2021,plate2-CAAGAACCCAAATATA,2073,interpolated,midpoint,2171,2073,0.9259,0,3.467
DRIVE,D10159d30,A/India/Pun-NIV312851/2021,plate2-GTAGCTATAACTAATA,602.9,interpolated,midpoint,610,602.9,0.9448,0,10
DRIVE,D10159d30,A/Utah/27/2022,plate11-ACAATGTGACTCACCC,1340,interpolated,midpoint,1340,1340,1,0,4.904
DRIVE,D10159d30,A/Utah/27/2022,plate11-TAAATAACTCGTATTT,1033,interpolated,midpoint,1045,1033,0.9789,0,3.716
DRIVE,D10159d30,A/Utah/27/2022,plate11-TCCTTGTAATTCAACT,1292,interpolated,midpoint,1307,1292,0.9679,0,5.707
DRIVE,D10159d30,A/Utah/27/2022,plate2-ACAATGTGACTCACCC,1798,interpolated,midpoint,1929,1798,0.9392,0,1.841
DRIVE,D10159d30,A/Utah/27/2022,plate2-TAAATAACTCGTATTT,1607,interpolated,midpoint,1607,1607,1,0,7.951
DRIVE,D10159d30,A/Utah/27/2022,plate2-TCCTTGTAATTCAACT,1751,interpolated,midpoint,1805,1751,0.87,0,10
DRIVE,D10159d30,A/Wisconsin/588/2019,plate11-TATATTAGTAACATAA,1886,interpolated,midpoint,1931,1886,0.8948,0,10
DRIVE,D10159d30,A/Wisconsin/588/2019,plate11-AGTCCTATCCTCAAAT,2574,interpolated,midpoint,2695,2574,0.9678,0,1.446
DRIVE,D10159d30,A/Wisconsin/588/2019,plate11-GAAGAAACTATAACCA,1677,interpolated,midpoint,1679,1677,0.9952,0,10
DRIVE,D10159d30,A/Wisconsin/588/2019,plate2-GAAGAAACTATAACCA,3690,interpolated,midpoint,3978,3690,0.8907,0,3.287
DRIVE,D10159d30,A/Wisconsin/588/2019,plate2-TATATTAGTAACATAA,4253,interpolated,midpoint,4385,4253,0.9681,0,2.165
DRIVE,D10159d30,A/Wisconsin/588/2019,plate2-AGTCCTATCCTCAAAT,2200,interpolated,midpoint,2256,2200,0.9286,0,6.101
DRIVE,D10159d30,A/India-PUN-NIV328484/2021,plate11-TCTGTTCCGGCCCGAA,1668,interpolated,midpoint,1721,1668,0.866,0,10
DRIVE,D10159d30,A/India-PUN-NIV328484/2021,plate11-TTGTCCCGAGACAACA,2002,interpolated,midpoint,2058,2002,0.879,0,10
DRIVE,D10159d30,A/India-PUN-NIV328484/2021,plate11-GATCTAATAATACGGC,1729,interpolated,midpoint,1748,1729,0.948,0,10
DRIVE,D10159d30,A/India-PUN-NIV328484/2021,plate2-GATCTAATAATACGGC,1569,interpolated,midpoint,1742,1569,0.8878,0,2.426
DRIVE,D10159d30,A/India-PUN-NIV328484/2021,plate2-TTGTCCCGAGACAACA,2913,interpolated,midpoint,3391,2913,0.8538,0,2.278
DRIVE,D10159d30,A/India-PUN-NIV328484/2021,plate2-TCTGTTCCGGCCCGAA,3359,interpolated,midpoint,3683,3359,0.8941,0,2.586
DRIVE,D10159d30,A/Bangladesh/3210810034/2021,plate11-ACAAAAGTACCTCTAC,1459,interpolated,midpoint,1558,1459,0.929,0,2.322
DRIVE,D10159d30,A/Bangladesh/3210810034/2021,plate11-AACTATAGATCTAGAA,967.1,interpolated,midpoint,967.1,967.1,1,0,4.018
DRIVE,D10159d30,A/Bangladesh/3210810034/2021,plate2-ACAAAAGTACCTCTAC,1534,interpolated,midpoint,1625,1534,0.9249,0,2.822
DRIVE,D10159d30,A/Bangladesh/3210810034/2021,plate2-AACTATAGATCTAGAA,1735,interpolated,midpoint,1758,1735,0.9692,0,4.852
DRIVE,D10159d30,A/SouthAfrica/R16462/2021,plate11-CACCATTAAAGAGGTA,2376,interpolated,midpoint,3450,2376,0.7598,0,1.756
DRIVE,D10159d30,A/SouthAfrica/R16462/2021,plate11-CGGCGTATCGTTCACA,1745,interpolated,midpoint,1837,1745,0.8003,0,10
DRIVE,D10159d30,A/SouthAfrica/R16462/2021,plate11-CTAGCAGATTGTATAA,2998,interpolated,midpoint,3167,2998,0.8998,0,4.079
DRIVE,D10159d30,A/SouthAfrica/R16462/2021,plate2-CTAGCAGATTGTATAA,3031,interpolated,midpoint,3065,3031,0.9759,0,4.42
DRIVE,D10159d30,A/SouthAfrica/R16462/2021,plate2-CACCATTAAAGAGGTA,3702,interpolated,midpoint,4396,3702,0.7533,0,3.953
DRIVE,D10159d30,A/SouthAfrica/R16462/2021,plate2-CGGCGTATCGTTCACA,3901,interpolated,midpoint,4087,3901,0.9521,0,2.164
DRIVE,D10159d30,A/Bangladesh/8036/2021,plate11-ATACCTCAACCTTGAA,1453,interpolated,midpoint,1510,1453,0.953,0,2.554
DRIVE,D10159d30,A/Bangladesh/8036/2021,plate11-ACGGGGCCCAGGTAAT,1788,interpolated,midpoint,1788,1788,0.9998,0,7.552
DRIVE,D10159d30,A/Bangladesh/8036/2021,plate2-ATACCTCAACCTTGAA,1664,interpolated,midpoint,1667,1664,0.9915,0,10
DRIVE,D10159d30,A/Bangladesh/8036/2021,plate2-ACGGGGCCCAGGTAAT,1717,interpolated,midpoint,1717,1717,1,0,9.109
DRIVE,D10159d30,A/Bangladesh/8036/2021,plate2-CAGTTCTGCGACCAGC,1666,interpolated,midpoint,1781,1666,0.7557,0,10
DRIVE,D10159d30,A/Norway/25089/2022,plate11-CGGATAAAAATGATAT,269,interpolated,midpoint,286.6,269,0.7698,0,9.738
DRIVE,D10159d30,A/Norway/25089/2022,plate11-GACTCAATAATCACAC,504.6,interpolated,midpoint,559.8,504.6,0.8614,0,3.129
DRIVE,D10159d30,A/Norway/25089/2022,plate11-TGGAAAAGATGTAATA,444.6,interpolated,midpoint,449,444.6,0.953,0,9.99
DRIVE,D10159d30,A/Norway/25089/2022,plate2-TGGAAAAGATGTAATA,1089,interpolated,midpoint,1121,1089,0.9455,0,3.996
DRIVE,D10159d30,A/Norway/25089/2022,plate2-CGGATAAAAATGATAT,765,interpolated,midpoint,776.3,765,0.9318,0,10
DRIVE,D10159d30,A/Norway/25089/2022,plate2-GACTCAATAATCACAC,689.1,interpolated,midpoint,698,689.1,0.9401,0,10
DRIVE,D10159d30,A/Newcastle/2/2022,plate11-TTCACTAAGATTTCAT,844.2,interpolated,midpoint,857.3,844.2,0.9286,0,9.98
DRIVE,D10159d30,A/Newcastle/2/2022,plate11-CAAATATATCTTCATG,2203,interpolated,midpoint,2215,2203,0.996,0,1.417
DRIVE,D10159d30,A/Newcastle/2/2022,plate11-GCCCAAGTAGGTGCAA,1188,interpolated,midpoint,1218,1188,0.9271,0,6.371
DRIVE,D10159d30,A/Newcastle/2/2022,plate2-TTCACTAAGATTTCAT,1808,interpolated,midpoint,1830,1808,0.942,0,10
DRIVE,D10159d30,A/Newcastle/2/2022,plate2-CAAATATATCTTCATG,1504,interpolated,midpoint,1550,1504,0.9681,0,2.187
DRIVE,D10159d30,A/Newcastle/2/2022,plate2-GCCCAAGTAGGTGCAA,924.1,interpolated,midpoint,924.5,924.1,0.9981,0,10
DRIVE,D10159d30,A/Hawaii/70/2019,plate11-ATAGAATCGCAAATTA,2243,interpolated,midpoint,2398,2243,0.9005,0,3.318
DRIVE,D10159d30,A/Hawaii/70/2019,plate11-TGGAATCGTCACCGAT,2346,interpolated,midpoint,2346,2346,1,0,2.805
DRIVE,D10159d30,A/Hawaii/70/2019,plate11-AGTAAACATGCATTGG,2536,interpolated,midpoint,2583,2536,0.9696,0,3.409
DRIVE,D10159d30,A/Hawaii/70/2019,plate11-ACATGAATTCAGACGG,1991,interpolated,midpoint,2037,1991,0.897,0,10
DRIVE,D10159d30,A/Hawaii/70/2019,plate2-AGTAAACATGCATTGG,2886,interpolated,midpoint,3623,2886,0.7166,0,3.677
DRIVE,D10159d30,A/Hawaii/70/2019,plate2-TGGAATCGTCACCGAT,4777,interpolated,midpoint,4898,4777,0.8896,0,9.99
DRIVE,D10159d30,A/Hawaii/70/2019,plate2-ACATGAATTCAGACGG,3723,interpolated,midpoint,3918,3723,0.9126,0,3.759
DRIVE,D10159d30,A/Hawaii/70/2019,plate2-ATAGAATCGCAAATTA,5058,interpolated,midpoint,5868,5058,0.8218,0,2.968
DRIVE,D10159d30,A/Perth/1/2022,plate11-CTGCACGAGAGACTTC,1717,interpolated,midpoint,1725,1717,0.9777,0,10
DRIVE,D10159d30,A/Perth/1/2022,plate11-AGCCCCGTGAGAAGCA,1658,interpolated,midpoint,1706,1658,0.8751,0,10
DRIVE,D10159d30,A/Perth/1/2022,plate11-TTGGGGAAATATATAA,1496,interpolated,midpoint,1518,1496,0.9324,0,10
DRIVE,D10159d30,A/Perth/1/2022,plate2-CTGCACGAGAGACTTC,1770,interpolated,midpoint,1783,1770,0.9645,0,10
DRIVE,D10159d30,A/Perth/1/2022,plate2-AGCCCCGTGAGAAGCA,2004,interpolated,midpoint,2142,2004,0.9436,0,1.8
DRIVE,D10159d30,A/Perth/1/2022,plate2-TTGGGGAAATATATAA,2765,interpolated,midpoint,3699,2765,0.8282,0,1.446
DRIVE,D10159d30,A/Ghana/2080/2020,plate11-CAGCAAAAGCATCACC,2434,interpolated,midpoint,2521,2434,0.9656,0,2.028
DRIVE,D10159d30,A/Ghana/2080/2020,plate11-GCAATCCCGCAATTTG,3021,interpolated,midpoint,3093,3021,0.9287,0,6.554
DRIVE,D10159d30,A/Ghana/2080/2020,plate11-GTAGTGCATCATTGAT,2172,interpolated,midpoint,2197,2172,0.9454,0,10
DRIVE,D10159d30,A/Ghana/2080/2020,plate2-GTAGTGCATCATTGAT,5217,interpolated,midpoint,5435,5217,0.8319,0,10
DRIVE,D10159d30,A/Ghana/2080/2020,plate2-CAGCAAAAGCATCACC,3866,interpolated,midpoint,4067,3866,0.9238,0,3.258
DRIVE,D10159d30,A/Ghana/2080/2020,plate2-GCAATCCCGCAATTTG,5374,interpolated,midpoint,5547,5374,0.8648,0,10
DRIVE,D10159d30,A/Togo/0304/2021,plate11-AACTCTAAAGATATAA,1497,interpolated,midpoint,1683,1497,0.8765,0,2.418
DRIVE,D10159d30,A/Togo/0304/2021,plate11-AGAGATAATAACAAAA,1696,interpolated,midpoint,1710,1696,0.9619,0,10
DRIVE,D10159d30,A/Togo/0304/2021,plate11-GAAGAATGGTTTTCTG,1955,interpolated,midpoint,1968,1955,0.9667,0,10
DRIVE,D10159d30,A/Togo/0304/2021,plate2-GAAGAATGGTTTTCTG,4402,interpolated,midpoint,4819,4402,0.8552,0,3.775
DRIVE,D10159d30,A/Togo/0304/2021,plate2-AACTCTAAAGATATAA,1476,interpolated,midpoint,1645,1476,0.8119,0,4.355
DRIVE,D10159d30,A/Togo/0304/2021,plate2-AGAGATAATAACAAAA,4302,interpolated,midpoint,4929,4302,0.8901,0,1.825
DRIVE,D10159d30,A/Belgium/H0038/2022,plate11-GATCCGTACTTTGATT,1350,interpolated,midpoint,1377,1350,0.9108,0,10
DRIVE,D10159d30,A/Belgium/H0038/2022,plate11-TACCGTATAATTAAAA,1839,interpolated,midpoint,2010,1839,0.7062,0,10
DRIVE,D10159d30,A/Belgium/H0038/2022,plate11-GCCGGAGGGCATTTTC,1659,interpolated,midpoint,1712,1659,0.8652,0,10
DRIVE,D10159d30,A/Belgium/H0038/2022,plate2-GATCCGTACTTTGATT,4101,interpolated,midpoint,4293,4101,0.9299,0,3.312
DRIVE,D10159d30,A/Belgium/H0038/2022,plate2-TACCGTATAATTAAAA,4804,interpolated,midpoint,5362,4804,0.8518,0,3.197
DRIVE,D10159d30,A/Belgium/H0038/2022,plate2-GCCGGAGGGCATTTTC,5231,interpolated,midpoint,5252,5231,0.9873,0,6.517
DRIVE,D10159d30,A/Nimes/871/2021,plate11-GTTCCTTTAAGCCAAA,2737,interpolated,midpoint,2930,2737,0.9143,0,2.751
DRIVE,D10159d30,A/Nimes/871/2021,plate11-TAATTACATTGCGGTT,3125,interpolated,midpoint,3540,3125,0.8155,0,3.697
DRIVE,D10159d30,A/Nimes/871/2021,plate11-ACCTTACTAAATCCTG,1949,interpolated,midpoint,1961,1949,0.9686,0,10
DRIVE,D10159d30,A/Nimes/871/2021,plate2-GTTCCTTTAAGCCAAA,2227,interpolated,midpoint,2348,2227,0.8805,0,5.169
DRIVE,D10159d30,A/Nimes/871/2021,plate2-ACCTTACTAAATCCTG,3445,interpolated,midpoint,3445,3445,1,0,1.845
DRIVE,D10159d30,A/Nimes/871/2021,plate2-TAATTACATTGCGGTT,4535,interpolated,midpoint,4549,4535,0.9944,0,3.895
DRIVE,D10159d30,A/Chester/5355/2022,plate11-CCTCAAAATAACAAGC,1622,interpolated,midpoint,1708,1622,0.9531,0,1.904
DRIVE,D10159d30,A/Chester/5355/2022,plate11-AAAAAACGCATGTAGA,990.7,interpolated,midpoint,1046,990.7,0.957,0,1.645
DRIVE,D10159d30,A/Chester/5355/2022,plate11-TCATATAAAGAAAAGG,1556,interpolated,midpoint,1594,1556,0.8931,0,10
DRIVE,D10159d30,A/Chester/5355/2022,plate2-CCTCAAAATAACAAGC,1838,interpolated,midpoint,1847,1838,0.9952,0,1.997
DRIVE,D10159d30,A/Chester/5355/2022,plate2-AAAAAACGCATGTAGA,1459,interpolated,midpoint,1483,1459,0.9756,0,3.038
DRIVE,D10159d30,A/Chester/5355/2022,plate2-TCATATAAAGAAAAGG,1365,interpolated,midpoint,1375,1365,0.9842,0,4.485
DRIVE,D10159d30,A/Togo/845/2020,plate11-TTACCGTCTACGCATA,1822,interpolated,midpoint,1861,1822,0.9045,0,9.999
DRIVE,D10159d30,A/Togo/845/2020,plate11-AGGTCAAGACCACAGG,1688,interpolated,midpoint,1688,1688,1,0,7.951
DRIVE,D10159d30,A/Togo/845/2020,plate11-GCATGGATCCTTTACT,1692,interpolated,midpoint,1714,1692,0.9399,0,10
DRIVE,D10159d30,A/Togo/845/2020,plate2-GCATGGATCCTTTACT,3520,interpolated,midpoint,3969,3520,0.8793,0,2.3
DRIVE,D10159d30,A/Togo/845/2020,plate2-AGGTCAAGACCACAGG,2591,interpolated,midpoint,2813,2591,0.9521,0,1.224
DRIVE,D10159d30,A/Togo/845/2020,plate2-TTACCGTCTACGCATA,2693,interpolated,midpoint,3109,2693,0.8054,0,3.433
DRIVE,D10159d30,A/Niger/10217/2021,plate11-AAATAAGTACGCAAAT,1755,interpolated,midpoint,1769,1755,0.9624,0,10
DRIVE,D10159d30,A/Niger/10217/2021,plate11-GAACGATTGTAATTTT,1646,interpolated,midpoint,1654,1646,0.9771,0,10
DRIVE,D10159d30,A/Niger/10217/2021,plate11-CATCAACCGCCATTTC,1704,interpolated,midpoint,1716,1704,0.9919,0,2.304
DRIVE,D10159d30,A/Niger/10217/2021,plate2-CATCAACCGCCATTTC,2009,interpolated,midpoint,2757,2009,0.6325,0,4.193
DRIVE,D10159d30,A/Niger/10217/2021,plate2-AAATAAGTACGCAAAT,2941,interpolated,midpoint,3200,2941,0.8791,0,3.28
DRIVE,D10159d30,A/Niger/10217/2021,plate2-GAACGATTGTAATTTT,2124,interpolated,midpoint,2318,2124,0.7082,0,10
DRIVE,D10159d30,A/Brisbane/48/2022,plate11-TTATGATCTAAACAGA,1153,interpolated,midpoint,1239,1153,0.9181,0,2.482
DRIVE,D10159d30,A/Brisbane/48/2022,plate11-GAGCTCTAAAGCAACA,1376,interpolated,midpoint,1444,1376,0.9453,0,2.425
DRIVE,D10159d30,A/Brisbane/48/2022,plate11-CCCTATGCTGCGTATT,1480,interpolated,midpoint,1557,1480,0.8017,0,10
DRIVE,D10159d30,A/Brisbane/48/2022,plate2-TTATGATCTAAACAGA,1736,interpolated,midpoint,1786,1736,0.8771,0,10
DRIVE,D10159d30,A/Brisbane/48/2022,plate2-GAGCTCTAAAGCAACA,1334,interpolated,midpoint,1361,1334,0.9513,0,4.986
DRIVE,D10159d30,A/Brisbane/48/2022,plate2-CCCTATGCTGCGTATT,2360,interpolated,midpoint,2567,2360,0.9503,0,1.243
DRIVE,D10159d30,A/Belgium/H0017/2022,plate11-AATGAAAGTTAGCATT,1859,interpolated,midpoint,1877,1859,0.9547,0,10
DRIVE,D10159d30,A/Belgium/H0017/2022,plate11-GTAAAGCAAATCCATT,2094,interpolated,midpoint,2151,2094,0.8826,0,10
DRIVE,D10159d30,A/Belgium/H0017/2022,plate11-ATGTCCATAAAAAATA,1667,interpolated,midpoint,1684,1667,0.9503,0,10
DRIVE,D10159d30,A/Belgium/H0017/2022,plate2-GTAAAGCAAATCCATT,4462,interpolated,midpoint,5159,4462,0.7585,0,4.54
DRIVE,D10159d30,A/Belgium/H0017/2022,plate2-AATGAAAGTTAGCATT,4205,interpolated,midpoint,4525,4205,0.8825,0,3.655
DRIVE,D10159d30,A/Belgium/H0017/2022,plate2-ATGTCCATAAAAAATA,6400,interpolated,midpoint,7961,6400,0.8385,0,1.787
DRIVE,D10159d30,A/Cote_DIvoire/1448/2021,plate11-TCGAGAACACCCATAA,1761,interpolated,midpoint,1860,1761,0.7904,0,10
DRIVE,D10159d30,A/Cote_DIvoire/1448/2021,plate11-GTCCGTTGATAAAGAG,2110,interpolated,midpoint,2148,2110,0.976,0,2.766
DRIVE,D10159d30,A/Cote_DIvoire/1448/2021,plate11-GTTAAACGATCTATAG,2059,interpolated,midpoint,2071,2059,0.9721,0,10
DRIVE,D10159d30,A/Cote_DIvoire/1448/2021,plate2-GTCCGTTGATAAAGAG,4859,interpolated,midpoint,4985,4859,0.8868,0,10
DRIVE,D10159d30,A/Cote_DIvoire/1448/2021,plate2-GTTAAACGATCTATAG,3952,interpolated,midpoint,4287,3952,0.8382,0,4.804
DRIVE,D10159d30,A/Cote_DIvoire/1448/2021,plate2-TCGAGAACACCCATAA,4187,interpolated,midpoint,5113,4187,0.8614,0,1.623
DRIVE,D10159d30,A/Ghana/138/2020,plate11-TAAGCCATAAATCAAT,1806,interpolated,midpoint,1808,1806,0.9941,0,10
DRIVE,D10159d30,A/Ghana/138/2020,plate11-CCAGTTCCCTTCGATG,1763,interpolated,midpoint,1804,1763,0.8961,0,10
DRIVE,D10159d30,A/Ghana/138/2020,plate11-GACTATGGTCTAAAAA,1680,interpolated,midpoint,1680,1680,1,0,6.896
DRIVE,D10159d30,A/Ghana/138/2020,plate2-TAAGCCATAAATCAAT,4507,interpolated,midpoint,4507,4507,1,0,2.315
DRIVE,D10159d30,A/Ghana/138/2020,plate2-CCAGTTCCCTTCGATG,2082,interpolated,midpoint,2087,2082,0.9872,0,10
DRIVE,D10159d30,A/Ghana/138/2020,plate2-GACTATGGTCTAAAAA,3107,interpolated,midpoint,3159,3107,0.9683,0,3.964
DRIVE,D10159d30,A/Michigan/19/2021,plate11-AACGTTAACAAATGAA,1727,interpolated,midpoint,1781,1727,0.8674,0,10
DRIVE,D10159d30,A/Michigan/19/2021,plate11-AGAGAAAAAACAGTGA,1677,interpolated,midpoint,1702,1677,0.9308,0,10
DRIVE,D10159d30,A/Michigan/19/2021,plate11-TAATGAGCTTTATGGT,2199,interpolated,midpoint,2325,2199,0.9376,0,2.393
DRIVE,D10159d30,A/Michigan/19/2021,plate2-AACGTTAACAAATGAA,1887,interpolated,midpoint,1946,1887,0.9075,0,6.585
DRIVE,D10159d30,A/Michigan/19/2021,plate2-AGAGAAAAAACAGTGA,1643,interpolated,midpoint,1710,1643,0.9424,0,3.05
DRIVE,D10159d30,A/Michigan/19/2021,plate2-TAATGAGCTTTATGGT,2664,interpolated,midpoint,2819,2664,0.9402,0,2.244
DRIVE,D10159d30,A/Michigan/45/2015,plate11-CACCTAGGATCGCACT,4920,interpolated,midpoint,5174,4920,0.9485,0,2.156
DRIVE,D10159d30,A/Michigan/45/2015,plate11-TTGAAAAAATCATAAA,7949,interpolated,midpoint,9012,7949,0.9371,0,1.071
DRIVE,D10159d30,A/Michigan/45/2015,plate11-ACAAAGTCTCGAGAAG,3651,interpolated,midpoint,3687,3651,0.9911,0,1.81
DRIVE,D10159d30,A/Michigan/45/2015,plate11-TGAGGATAATCACAAG,4311,interpolated,midpoint,4487,4311,0.9531,0,2.457
DRIVE,D10159d30,A/Michigan/45/2015,plate2-CACCTAGGATCGCACT,4891,interpolated,midpoint,5102,4891,0.8282,0,10
DRIVE,D10159d30,A/Michigan/45/2015,plate2-TGAGGATAATCACAAG,9118,interpolated,midpoint,9512,9118,0.9411,0,2.97
DRIVE,D10159d30,A/Michigan/45/2015,plate2-ACAAAGTCTCGAGAAG,5277,interpolated,midpoint,5413,5277,0.8875,0,10
DRIVE,D10159d30,A/Michigan/45/2015,plate2-TTGAAAAAATCATAAA,6267,interpolated,midpoint,7781,6267,0.8013,0,2.34
DRIVE,D10159d30,A/Paris/31196/2021,plate11-AGCAGCCTGAAAATAT,1835,interpolated,midpoint,1857,1835,0.9425,0,10
DRIVE,D10159d30,A/Paris/31196/2021,plate11-AATAAGTATACGGGAT,2693,interpolated,midpoint,2984,2693,0.8003,0,4.976
DRIVE,D10159d30,A/Paris/31196/2021,plate11-AAACTAAAAGCAAGGG,1222,interpolated,midpoint,1287,1222,0.8223,0,8.55
DRIVE,D10159d30,A/Paris/31196/2021,plate2-AGCAGCCTGAAAATAT,4006,interpolated,midpoint,4006,4006,1,0,3.021
DRIVE,D10159d30,A/Paris/31196/2021,plate2-AAACTAAAAGCAAGGG,3390,interpolated,midpoint,3599,3390,0.9323,0,2.427
DRIVE,D10159d30,A/Paris/31196/2021,plate2-AATAAGTATACGGGAT,3769,interpolated,midpoint,4195,3769,0.9,0,2.085
DRIVE,D10159d30,A/Bangladesh/8002/2021,plate11-AGTGTCCCTAAGAGGC,1478,interpolated,midpoint,1483,1478,0.9839,0,10
DRIVE,D10159d30,A/Bangladesh/8002/2021,plate11-TCTGCTAAACTAAGTA,1605,interpolated,midpoint,1701,1605,0.7792,0,10
DRIVE,D10159d30,A/Bangladesh/8002/2021,plate11-GCAACGCCAAATAATT,787.8,interpolated,midpoint,810.1,787.8,0.8782,0,10
DRIVE,D10159d30,A/Bangladesh/8002/2021,plate2-GCAACGCCAAATAATT,1969,interpolated,midpoint,2572,1969,0.8064,0,1.833
DRIVE,D10159d30,A/Bangladesh/8002/2021,plate2-TCTGCTAAACTAAGTA,2492,interpolated,midpoint,2708,2492,0.9153,0,2.235
DRIVE,D10159d30,A/Bangladesh/8002/2021,plate2-AGTGTCCCTAAGAGGC,820,interpolated,midpoint,844.6,820,0.8722,0,9.974
DRIVE,D10159d30,A/Sydney/43/2022,plate11-TACGGACATTCTTAAC,1122,interpolated,midpoint,1179,1122,0.9326,0,2.933
DRIVE,D10159d30,A/Sydney/43/2022,plate11-TAGTATAATAGAGCAG,1157,interpolated,midpoint,1176,1157,0.9396,0,7.712
DRIVE,D10159d30,A/Sydney/43/2022,plate11-CTATTAATCATGCAAA,779.4,interpolated,midpoint,795.1,779.4,0.9093,0,10
DRIVE,D10159d30,A/Sydney/43/2022,plate2-CTATTAATCATGCAAA,1099,interpolated,midpoint,1139,1099,0.8772,0,7.849
DRIVE,D10159d30,A/Sydney/43/2022,plate2-TACGGACATTCTTAAC,1652,interpolated,midpoint,1665,1652,0.9908,0,2.338
DRIVE,D10159d30,A/Sydney/43/2022,plate2-TAGTATAATAGAGCAG,2744,interpolated,midpoint,3181,2744,0.8808,0,1.843
DRIVE,D10159d30,A/Brisbane/02/2018,plate11-TAATAAGCCAGCAAGA,3874,interpolated,midpoint,3981,3874,0.9778,0,1.671
DRIVE,D10159d30,A/Brisbane/02/2018,plate11-ACGACATGATCAAACG,5037,interpolated,midpoint,5253,5037,0.8281,0,10
DRIVE,D10159d30,A/Brisbane/02/2018,plate11-ATCCGATTTAAAGGCA,1990,interpolated,midpoint,2063,1990,0.8493,0,10
DRIVE,D10159d30,A/Brisbane/02/2018,plate11-TTGGGCACTAAATTAA,2805,interpolated,midpoint,3317,2805,0.8367,0,2.361
DRIVE,D10159d30,A/Brisbane/02/2018,plate2-TAATAAGCCAGCAAGA,6594,interpolated,midpoint,6821,6594,0.9591,0,2.531
DRIVE,D10159d30,A/Brisbane/02/2018,plate2-TTGGGCACTAAATTAA,4968,interpolated,midpoint,5120,4968,0.9509,0,3.441
DRIVE,D10159d30,A/Brisbane/02/2018,plate2-ATCCGATTTAAAGGCA,5288,interpolated,midpoint,5474,5288,0.8541,0,10
DRIVE,D10159d30,A/Brisbane/02/2018,plate2-ACGACATGATCAAACG,1.745e+04,interpolated,midpoint,1.745e+04,1.745e+04,1,0,1.456
DRIVE,D10159d30,A/Togo/0274/2021,plate11-GTAACATTATACGATT,2075,interpolated,midpoint,2202,2075,0.7763,0,10
DRIVE,D10159d30,A/Togo/0274/2021,plate11-TAGCAGATGTATCAAT,2188,interpolated,midpoint,2239,2188,0.9784,0,1.916
DRIVE,D10159d30,A/Togo/0274/2021,plate11-AACGAATGAATTTCTT,1839,interpolated,midpoint,1914,1839,0.8349,0,10
DRIVE,D10159d30,A/Togo/0274/2021,plate2-AACGAATGAATTTCTT,3469,interpolated,midpoint,4168,3469,0.8424,0,2.062
DRIVE,D10159d30,A/Togo/0274/2021,plate2-GTAACATTATACGATT,2769,interpolated,midpoint,2902,2769,0.9343,0,3.001
DRIVE,D10159d30,A/Togo/0274/2021,plate2-TAGCAGATGTATCAAT,3579,interpolated,midpoint,3939,3579,0.9173,0,1.888
DRIVE,D10159d30,A/Bangladesh/2221/2021,plate11-AAGAGAAATATTCGCT,739.4,interpolated,midpoint,763.5,739.4,0.8625,0,10
DRIVE,D10159d30,A/Bangladesh/2221/2021,plate11-GATAGAAATACCAGGA,1883,interpolated,midpoint,1923,1883,0.9043,0,10
DRIVE,D10159d30,A/Bangladesh/2221/2021,plate11-GACAGCAATGCATACA,1888,interpolated,midpoint,1944,1888,0.8736,0,10
DRIVE,D10159d30,A/Bangladesh/2221/2021,plate2-AAGAGAAATATTCGCT,1829,interpolated,midpoint,2300,1829,0.8154,0,2.009
DRIVE,D10159d30,A/Bangladesh/2221/2021,plate2-GATAGAAATACCAGGA,1221,interpolated,midpoint,1256,1221,0.9185,0,6.367
DRIVE,D10159d30,A/Bangladesh/2221/2021,plate2-GACAGCAATGCATACA,1467,interpolated,midpoint,1467,1467,1,0,4.94
DRIVE,D10159d30,A/Paris/30353/2021,plate11-GTTTGACAATCACTAC,1676,interpolated,midpoint,1685,1676,0.9741,0,10
DRIVE,D10159d30,A/Paris/30353/2021,plate11-ACATAAGAACCCTATA,1726,interpolated,midpoint,1754,1726,0.9251,0,10
DRIVE,D10159d30,A/Paris/30353/2021,plate11-ACATTTCCCTCGATAT,4714,interpolated,midpoint,4714,4714,1,0,0.8
DRIVE,D10159d30,A/Paris/30353/2021,plate2-ACATAAGAACCCTATA,3609,interpolated,midpoint,3986,3609,0.9117,0,1.956
DRIVE,D10159d30,A/Paris/30353/2021,plate2-ACATTTCCCTCGATAT,1632,interpolated,midpoint,1724,1632,0.7888,0,10
DRIVE,D10159d30,A/Paris/30353/2021,plate2-GTTTGACAATCACTAC,4011,interpolated,midpoint,4343,4011,0.9149,0,2.345
DRIVE,D10159d30,A/SouthAfrica/R14850/2021,plate11-AACTCCGCAGACACTG,1022,interpolated,midpoint,1105,1022,0.9029,0,2.756
DRIVE,D10159d30,A/SouthAfrica/R14850/2021,plate11-GAGACGTACGAAATTA,682.1,interpolated,midpoint,692.3,682.1,0.9308,0,10
DRIVE,D10159d30,A/SouthAfrica/R14850/2021,plate11-TACTCAACAAGATAAA,615.4,interpolated,midpoint,615.4,615.4,1,0,10
DRIVE,D10159d30,A/SouthAfrica/R14850/2021,plate2-TACTCAACAAGATAAA,1345,interpolated,midpoint,1585,1345,0.8392,0,2.356
DRIVE,D10159d30,A/SouthAfrica/R14850/2021,plate2-AACTCCGCAGACACTG,1457,interpolated,midpoint,1547,1457,0.8888,0,4.208
DRIVE,D10159d30,A/SouthAfrica/R14850/2021,plate2-GAGACGTACGAAATTA,1453,interpolated,midpoint,1703,1453,0.8176,0,2.861
DRIVE,D10159d30,A/England/220200318/2022,plate11-GCTGCGCCTAACATAA,2149,interpolated,midpoint,2690,2149,0.846,0,1.641
DRIVE,D10159d30,A/England/220200318/2022,plate11-CGTAATACATTTAAGA,3156,interpolated,midpoint,3156,3156,1,0,3.805
DRIVE,D10159d30,A/England/220200318/2022,plate11-GACCAACTGTGGTACA,2244,interpolated,midpoint,2244,2244,1,0,10
DRIVE,D10159d30,A/England/220200318/2022,plate2-CGTAATACATTTAAGA,4342,interpolated,midpoint,4418,4342,0.982,0,2.129
DRIVE,D10159d30,A/England/220200318/2022,plate2-GACCAACTGTGGTACA,4050,interpolated,midpoint,4072,4050,0.9904,0,3.629
DRIVE,D10159d30,A/England/220200318/2022,plate2-GCTGCGCCTAACATAA,4840,interpolated,midpoint,5023,4840,0.8451,0,10
DRIVE,D10159d30,A/India-Pune-Nivcov2221170/2022,plate11-CGTTTAAACAATGAAG,774,interpolated,midpoint,795,774,0.9248,0,6.084
DRIVE,D10159d30,A/India-Pune-Nivcov2221170/2022,plate11-AAATCTACCGCATTAT,1030,interpolated,midpoint,1061,1030,0.9432,0,4.084
DRIVE,D10159d30,A/India-Pune-Nivcov2221170/2022,plate2-CGTTTAAACAATGAAG,1093,interpolated,midpoint,1148,1093,0.9038,0,4.295
DRIVE,D10159d30,A/India-Pune-Nivcov2221170/2022,plate2-AAATCTACCGCATTAT,1021,interpolated,midpoint,1135,1021,0.7945,0,4.994
