serum,virus,replicate,titer,titer_bound,titer_as,nt50,midpoint,top,bottom
D10191d30,A/India-Pune-Nivcov2221170/2022,plate13-CGTTTAAACAATGAAG,189.4,interpolated,midpoint,191.2,189.4,0.9192,0
D10191d30,A/India-Pune-Nivcov2221170/2022,plate13-AAATCTACCGCATTAT,173.2,interpolated,midpoint,175,173.2,0.9227,0
D10191d30,A/India-Pune-Nivcov2221170/2022,plate4-CGTTTAAACAATGAAG,431.6,interpolated,midpoint,449.2,431.6,0.9504,0
D10191d30,A/India-Pune-Nivcov2221170/2022,plate4-AAATCTACCGCATTAT,515.7,interpolated,midpoint,864.2,515.7,0.7526,0
D10191d30,A/Belgium/H0038/2022,plate13-GATCCGTACTTTGATT,3613,interpolated,midpoint,3890,3613,0.8824,0
D10191d30,A/Belgium/H0038/2022,plate13-TACCGTATAATTAAAA,4219,interpolated,midpoint,4379,4219,0.9554,0
D10191d30,A/Belgium/H0038/2022,plate13-GCCGGAGGGCATTTTC,4391,interpolated,midpoint,4475,4391,0.9646,0
D10191d30,A/Belgium/H0038/2022,plate4-GATCCGTACTTTGATT,4980,interpolated,midpoint,5185,4980,0.7829,0
D10191d30,A/Belgium/H0038/2022,plate4-TACCGTATAATTAAAA,1.017e+04,interpolated,midpoint,1.325e+04,1.017e+04,0.8275,0
D10191d30,A/Belgium/H0038/2022,plate4-GCCGGAGGGCATTTTC,5130,interpolated,midpoint,5157,5130,0.9518,0
D10191d30,A/Washington/23/2020,plate13-GGATAAGAAAACTACT,1314,interpolated,midpoint,1395,1314,0.8713,0
D10191d30,A/Washington/23/2020,plate13-GAACTGGCGTCAATCA,1370,interpolated,midpoint,1609,1370,0.8461,0
D10191d30,A/Washington/23/2020,plate13-ACGGAATCCCCTGAGA,676,interpolated,midpoint,779,676,0.7538,0
D10191d30,A/Washington/23/2020,plate4-GGATAAGAAAACTACT,4305,interpolated,midpoint,5477,4305,0.9066,0
D10191d30,A/Washington/23/2020,plate4-GAACTGGCGTCAATCA,1769,interpolated,midpoint,1812,1769,0.8656,0
D10191d30,A/Washington/23/2020,plate4-ACGGAATCCCCTGAGA,1796,interpolated,midpoint,1805,1796,0.9524,0
D10191d30,A/Niger/10217/2021,plate13-AAATAAGTACGCAAAT,5617,interpolated,midpoint,6440,5617,0.7839,0
D10191d30,A/Niger/10217/2021,plate13-GAACGATTGTAATTTT,5451,interpolated,midpoint,5890,5451,0.8392,0
D10191d30,A/Niger/10217/2021,plate13-CATCAACCGCCATTTC,4751,interpolated,midpoint,4780,4751,0.9517,0
D10191d30,A/Niger/10217/2021,plate4-AAATAAGTACGCAAAT,5332,interpolated,midpoint,5464,5332,0.8276,0
D10191d30,A/Niger/10217/2021,plate4-GAACGATTGTAATTTT,1.332e+04,interpolated,midpoint,1.783e+04,1.332e+04,0.8159,0
D10191d30,A/Niger/10217/2021,plate4-CATCAACCGCCATTTC,7349,interpolated,midpoint,9003,7349,0.6645,0
D10191d30,A/Michigan/19/2021,plate13-AGAGAAAAAACAGTGA,553.3,interpolated,midpoint,557.6,553.3,0.935,0
D10191d30,A/Michigan/19/2021,plate13-TAATGAGCTTTATGGT,546.3,interpolated,midpoint,550.6,546.3,0.9395,0
D10191d30,A/Michigan/19/2021,plate13-AACGTTAACAAATGAA,412.4,interpolated,midpoint,431,412.4,0.9132,0
D10191d30,A/Michigan/19/2021,plate4-AGAGAAAAAACAGTGA,1246,interpolated,midpoint,1318,1246,0.9385,0
D10191d30,A/Michigan/19/2021,plate4-AACGTTAACAAATGAA,1252,interpolated,midpoint,1261,1252,0.9938,0
D10191d30,A/Michigan/19/2021,plate4-TAATGAGCTTTATGGT,1642,interpolated,midpoint,1700,1642,0.9815,0
D10191d30,A/Togo/845/2020,plate13-AGGTCAAGACCACAGG,1103,interpolated,midpoint,1144,1103,0.8954,0
D10191d30,A/Togo/845/2020,plate13-GCATGGATCCTTTACT,1174,interpolated,midpoint,1536,1174,0.7559,0
D10191d30,A/Togo/845/2020,plate13-TTACCGTCTACGCATA,970.9,interpolated,midpoint,1088,970.9,0.8111,0
D10191d30,A/Togo/845/2020,plate4-AGGTCAAGACCACAGG,2173,interpolated,midpoint,2264,2173,0.9723,0
D10191d30,A/Togo/845/2020,plate4-GCATGGATCCTTTACT,2423,interpolated,midpoint,2672,2423,0.886,0
D10191d30,A/Togo/845/2020,plate4-TTACCGTCTACGCATA,3131,interpolated,midpoint,3983,3131,0.8615,0
D10191d30,A/Togo/0304/2021,plate13-AGAGATAATAACAAAA,4651,interpolated,midpoint,5029,4651,0.9003,0
D10191d30,A/Togo/0304/2021,plate13-GAAGAATGGTTTTCTG,4413,interpolated,midpoint,5978,4413,0.655,0
D10191d30,A/Togo/0304/2021,plate13-AACTCTAAAGATATAA,3927,interpolated,midpoint,4083,3927,0.9076,0
D10191d30,A/Togo/0304/2021,plate4-AGAGATAATAACAAAA,4876,interpolated,midpoint,5838,4876,0.8753,0
D10191d30,A/Togo/0304/2021,plate4-AACTCTAAAGATATAA,7805,interpolated,midpoint,1.001e+04,7805,0.8309,0
D10191d30,A/Togo/0304/2021,plate4-GAAGAATGGTTTTCTG,5408,interpolated,midpoint,5408,5408,1,0
D10191d30,A/Perth/1/2022,plate13-CTGCACGAGAGACTTC,534.4,interpolated,midpoint,550.6,534.4,0.7835,0
D10191d30,A/Perth/1/2022,plate13-TTGGGGAAATATATAA,515.6,interpolated,midpoint,516.4,515.6,0.9951,0
D10191d30,A/Perth/1/2022,plate13-AGCCCCGTGAGAAGCA,315.4,interpolated,midpoint,323.8,315.4,0.9063,0
D10191d30,A/Perth/1/2022,plate4-CTGCACGAGAGACTTC,659.8,interpolated,midpoint,763.7,659.8,0.8892,0
D10191d30,A/Perth/1/2022,plate4-TTGGGGAAATATATAA,2147,interpolated,midpoint,2134,2147,1.009,0
D10191d30,A/Perth/1/2022,plate4-AGCCCCGTGAGAAGCA,1279,interpolated,midpoint,1672,1279,0.827,0
D10191d30,A/Wisconsin/588/2019,plate13-GAAGAAACTATAACCA,562.9,interpolated,midpoint,571.4,562.9,0.8684,0
D10191d30,A/Wisconsin/588/2019,plate13-TATATTAGTAACATAA,596.1,interpolated,midpoint,601.5,596.1,0.9137,0
D10191d30,A/Wisconsin/588/2019,plate13-AGTCCTATCCTCAAAT,986.5,interpolated,midpoint,1064,986.5,0.8487,0
D10191d30,A/Wisconsin/588/2019,plate4-GAAGAAACTATAACCA,3094,interpolated,midpoint,3335,3094,0.9269,0
D10191d30,A/Wisconsin/588/2019,plate4-TATATTAGTAACATAA,2541,interpolated,midpoint,2645,2541,0.9566,0
D10191d30,A/Wisconsin/588/2019,plate4-AGTCCTATCCTCAAAT,1631,interpolated,midpoint,1642,1631,0.9453,0
D10191d30,A/Chester/5355/2022,plate13-CCTCAAAATAACAAGC,532.3,interpolated,midpoint,540.4,532.3,0.8827,0
D10191d30,A/Chester/5355/2022,plate13-TCATATAAAGAAAAGG,375.3,interpolated,midpoint,379.5,375.3,0.9846,0
D10191d30,A/Chester/5355/2022,plate13-AAAAAACGCATGTAGA,528.6,interpolated,midpoint,535.7,528.6,0.8996,0
D10191d30,A/Chester/5355/2022,plate4-CCTCAAAATAACAAGC,901.5,interpolated,midpoint,937.4,901.5,0.9572,0
D10191d30,A/Chester/5355/2022,plate4-TCATATAAAGAAAAGG,1625,interpolated,midpoint,1635,1625,0.9971,0
D10191d30,A/Chester/5355/2022,plate4-AAAAAACGCATGTAGA,1585,interpolated,midpoint,1897,1585,0.8278,0
D10191d30,A/India/Pun-NIV312851/2021,plate13-GTAGCTATAACTAATA,547.3,interpolated,midpoint,553.5,547.3,0.9124,0
D10191d30,A/India/Pun-NIV312851/2021,plate13-CAAGAACCCAAATATA,531.3,interpolated,midpoint,537.1,531.3,0.9163,0
D10191d30,A/India/Pun-NIV312851/2021,plate13-ACAGCAAATACTCACA,416.9,interpolated,midpoint,424,416.9,0.9403,0
D10191d30,A/India/Pun-NIV312851/2021,plate4-ACAGCAAATACTCACA,1229,interpolated,midpoint,1231,1229,0.9983,0
D10191d30,A/India/Pun-NIV312851/2021,plate4-CAAGAACCCAAATATA,911.1,interpolated,midpoint,950.4,911.1,0.9569,0
D10191d30,A/India/Pun-NIV312851/2021,plate4-GTAGCTATAACTAATA,992.4,interpolated,midpoint,1043,992.4,0.951,0
D10191d30,A/Bangladesh/3210810034/2021,plate13-AACTATAGATCTAGAA,453.1,interpolated,midpoint,465.8,453.1,0.9458,0
D10191d30,A/Bangladesh/3210810034/2021,plate13-ACAAAAGTACCTCTAC,373.6,interpolated,midpoint,381.9,373.6,0.9612,0
D10191d30,A/Bangladesh/3210810034/2021,plate4-AACTATAGATCTAGAA,916.2,interpolated,midpoint,910.4,916.2,1.005,0
D10191d30,A/Bangladesh/3210810034/2021,plate4-ACAAAAGTACCTCTAC,1605,interpolated,midpoint,1658,1605,0.9583,0
D10191d30,A/Cote_DIvoire/1448/2021,plate13-TCGAGAACACCCATAA,5003,interpolated,midpoint,6457,5003,0.8115,0
D10191d30,A/Cote_DIvoire/1448/2021,plate13-GTTAAACGATCTATAG,4862,interpolated,midpoint,4907,4862,0.9136,0
D10191d30,A/Cote_DIvoire/1448/2021,plate13-GTCCGTTGATAAAGAG,3992,interpolated,midpoint,4428,3992,0.9062,0
D10191d30,A/Cote_DIvoire/1448/2021,plate4-GTTAAACGATCTATAG,7659,interpolated,midpoint,9313,7659,0.8447,0
D10191d30,A/Cote_DIvoire/1448/2021,plate4-GTCCGTTGATAAAGAG,5775,interpolated,midpoint,5591,5775,1.016,0
D10191d30,A/Cote_DIvoire/1448/2021,plate4-TCGAGAACACCCATAA,5028,interpolated,midpoint,5058,5028,0.9388,0
D10191d30,A/Belgium/H0017/2022,plate13-GTAAAGCAAATCCATT,6990,interpolated,midpoint,7685,6990,0.8716,0
D10191d30,A/Belgium/H0017/2022,plate13-AATGAAAGTTAGCATT,5121,interpolated,midpoint,5204,5121,0.8783,0
D10191d30,A/Belgium/H0017/2022,plate13-ATGTCCATAAAAAATA,8129,interpolated,midpoint,9029,8129,0.8647,0
D10191d30,A/Belgium/H0017/2022,plate4-GTAAAGCAAATCCATT,1.012e+04,interpolated,midpoint,1.079e+04,1.012e+04,0.9044,0
D10191d30,A/Belgium/H0017/2022,plate4-AATGAAAGTTAGCATT,1.181e+04,interpolated,midpoint,1.278e+04,1.181e+04,0.9116,0
D10191d30,A/Belgium/H0017/2022,plate4-ATGTCCATAAAAAATA,5462,interpolated,midpoint,5505,5462,0.9151,0
D10191d30,A/Ghana/2080/2020,plate13-CAGCAAAAGCATCACC,1745,interpolated,midpoint,1779,1745,0.8328,0
D10191d30,A/Ghana/2080/2020,plate13-GTAGTGCATCATTGAT,5032,interpolated,midpoint,5354,5032,0.9197,0
D10191d30,A/Ghana/2080/2020,plate13-GCAATCCCGCAATTTG,3605,interpolated,midpoint,4296,3605,0.816,0
D10191d30,A/Ghana/2080/2020,plate4-CAGCAAAAGCATCACC,4553,interpolated,midpoint,4670,4553,0.8584,0
D10191d30,A/Ghana/2080/2020,plate4-GTAGTGCATCATTGAT,9356,interpolated,midpoint,1.084e+04,9356,0.91,0
D10191d30,A/Ghana/2080/2020,plate4-GCAATCCCGCAATTTG,2.036e+04,interpolated,midpoint,1.878e+04,2.036e+04,1.042,0
D10191d30,A/Bangladesh/8036/2021,plate13-ATACCTCAACCTTGAA,416.2,interpolated,midpoint,434.5,416.2,0.925,0
D10191d30,A/Bangladesh/8036/2021,plate13-ACGGGGCCCAGGTAAT,542.1,interpolated,midpoint,545.6,542.1,0.9426,0
D10191d30,A/Bangladesh/8036/2021,plate13-CAGTTCTGCGACCAGC,487.9,interpolated,midpoint,496.2,487.9,0.8823,0
D10191d30,A/Bangladesh/8036/2021,plate4-ATACCTCAACCTTGAA,1088,interpolated,midpoint,1070,1088,1.014,0
D10191d30,A/Bangladesh/8036/2021,plate4-ACGGGGCCCAGGTAAT,1341,interpolated,midpoint,1326,1341,1.007,0
D10191d30,A/Bangladesh/8036/2021,plate4-CAGTTCTGCGACCAGC,852.2,interpolated,midpoint,941.2,852.2,0.8905,0
D10191d30,A/SouthAfrica/R14850/2021,plate13-TACTCAACAAGATAAA,427.5,interpolated,midpoint,457.6,427.5,0.8661,0
D10191d30,A/SouthAfrica/R14850/2021,plate13-AACTCCGCAGACACTG,517.1,interpolated,midpoint,529.8,517.1,0.8457,0
D10191d30,A/SouthAfrica/R14850/2021,plate13-GAGACGTACGAAATTA,529.9,interpolated,midpoint,539.7,529.9,0.8667,0
D10191d30,A/SouthAfrica/R14850/2021,plate4-TACTCAACAAGATAAA,1025,interpolated,midpoint,1378,1025,0.8039,0
D10191d30,A/SouthAfrica/R14850/2021,plate4-AACTCCGCAGACACTG,1158,interpolated,midpoint,1369,1158,0.8328,0
D10191d30,A/SouthAfrica/R14850/2021,plate4-GAGACGTACGAAATTA,951.3,interpolated,midpoint,1072,951.3,0.83,0
D10191d30,A/Bangladesh/8002/2021,plate13-AGTGTCCCTAAGAGGC,320.3,interpolated,midpoint,336.1,320.3,0.8726,0
D10191d30,A/Bangladesh/8002/2021,plate13-GCAACGCCAAATAATT,275.2,interpolated,midpoint,283,275.2,0.9334,0
D10191d30,A/Bangladesh/8002/2021,plate13-TCTGCTAAACTAAGTA,322,interpolated,midpoint,360,322,0.892,0
D10191d30,A/Bangladesh/8002/2021,plate4-AGTGTCCCTAAGAGGC,2071,interpolated,midpoint,3596,2071,0.8095,0
D10191d30,A/Bangladesh/8002/2021,plate4-GCAACGCCAAATAATT,584.7,interpolated,midpoint,590.1,584.7,0.9263,0
D10191d30,A/Bangladesh/8002/2021,plate4-TCTGCTAAACTAAGTA,1661,interpolated,midpoint,1811,1661,0.8912,0
D10191d30,A/Togo/0274/2021,plate13-TAGCAGATGTATCAAT,638.5,interpolated,midpoint,640,638.5,0.9767,0
D10191d30,A/Togo/0274/2021,plate13-GTAACATTATACGATT,638,interpolated,midpoint,648.8,638,0.8501,0
D10191d30,A/Togo/0274/2021,plate13-AACGAATGAATTTCTT,1088,interpolated,midpoint,1174,1088,0.8838,0
D10191d30,A/Togo/0274/2021,plate4-GTAACATTATACGATT,2312,interpolated,midpoint,2474,2312,0.8875,0
D10191d30,A/Togo/0274/2021,plate4-TAGCAGATGTATCAAT,1951,interpolated,midpoint,2001,1951,0.9694,0
D10191d30,A/Togo/0274/2021,plate4-AACGAATGAATTTCTT,1224,interpolated,midpoint,1518,1224,0.6703,0
D10191d30,A/Sydney/43/2022,plate13-TACGGACATTCTTAAC,417.6,interpolated,midpoint,446.4,417.6,0.9219,0
D10191d30,A/Sydney/43/2022,plate13-CTATTAATCATGCAAA,497.6,interpolated,midpoint,532,497.6,0.9056,0
D10191d30,A/Sydney/43/2022,plate13-TAGTATAATAGAGCAG,475.3,interpolated,midpoint,526.6,475.3,0.8774,0
D10191d30,A/Sydney/43/2022,plate4-TACGGACATTCTTAAC,624.7,interpolated,midpoint,733.7,624.7,0.8817,0
D10191d30,A/Sydney/43/2022,plate4-TAGTATAATAGAGCAG,1531,interpolated,midpoint,1632,1531,0.9395,0
D10191d30,A/Sydney/43/2022,plate4-CTATTAATCATGCAAA,734.7,interpolated,midpoint,1229,734.7,0.6857,0
D10191d30,A/India-PUN-NIV328484/2021,plate13-TCTGTTCCGGCCCGAA,535.3,interpolated,midpoint,544.5,535.3,0.8595,0
D10191d30,A/India-PUN-NIV328484/2021,plate13-GATCTAATAATACGGC,548.8,interpolated,midpoint,556.7,548.8,0.8741,0
D10191d30,A/India-PUN-NIV328484/2021,plate13-TTGTCCCGAGACAACA,532.4,interpolated,midpoint,538.1,532.4,0.9178,0
D10191d30,A/India-PUN-NIV328484/2021,plate4-GATCTAATAATACGGC,1613,interpolated,midpoint,1996,1613,0.7791,0
D10191d30,A/India-PUN-NIV328484/2021,plate4-TCTGTTCCGGCCCGAA,1535,interpolated,midpoint,1554,1535,0.9926,0
D10191d30,A/India-PUN-NIV328484/2021,plate4-TTGTCCCGAGACAACA,1327,interpolated,midpoint,1477,1327,0.7872,0
D10191d30,A/Brisbane/02/2018,plate13-TAATAAGCCAGCAAGA,7207,interpolated,midpoint,9085,7207,0.826,0
D10191d30,A/Brisbane/02/2018,plate13-TTGGGCACTAAATTAA,5678,interpolated,midpoint,5955,5678,0.8949,0
D10191d30,A/Brisbane/02/2018,plate13-ACGACATGATCAAACG,5305,interpolated,midpoint,5838,5305,0.9327,0
D10191d30,A/Brisbane/02/2018,plate13-ATCCGATTTAAAGGCA,6320,interpolated,midpoint,6649,6320,0.9557,0
D10191d30,A/Brisbane/02/2018,plate4-TAATAAGCCAGCAAGA,1.332e+04,interpolated,midpoint,1.557e+04,1.332e+04,0.8857,0
D10191d30,A/Brisbane/02/2018,plate4-ACGACATGATCAAACG,1.473e+04,interpolated,midpoint,1.505e+04,1.473e+04,0.8107,0
D10191d30,A/Brisbane/02/2018,plate4-TTGGGCACTAAATTAA,7736,interpolated,midpoint,7795,7736,0.9931,0
D10191d30,A/Brisbane/02/2018,plate4-ATCCGATTTAAAGGCA,7709,interpolated,midpoint,1.062e+04,7709,0.7663,0
D10191d30,A/Paris/31196/2021,plate13-AGCAGCCTGAAAATAT,4149,interpolated,midpoint,4275,4149,0.9499,0
D10191d30,A/Paris/31196/2021,plate13-AAACTAAAAGCAAGGG,4946,interpolated,midpoint,5825,4946,0.851,0
D10191d30,A/Paris/31196/2021,plate13-AATAAGTATACGGGAT,4444,interpolated,midpoint,4627,4444,0.9282,0
D10191d30,A/Paris/31196/2021,plate4-AGCAGCCTGAAAATAT,4889,interpolated,midpoint,4972,4889,0.8641,0
D10191d30,A/Paris/31196/2021,plate4-AAACTAAAAGCAAGGG,5755,interpolated,midpoint,5974,5755,0.9648,0
D10191d30,A/Paris/31196/2021,plate4-AATAAGTATACGGGAT,9940,interpolated,midpoint,9071,9940,1.054,0
D10191d30,A/England/220200318/2022,plate13-CGTAATACATTTAAGA,8635,interpolated,midpoint,9792,8635,0.8515,0
D10191d30,A/England/220200318/2022,plate13-GACCAACTGTGGTACA,9096,interpolated,midpoint,1.03e+04,9096,0.866,0
D10191d30,A/England/220200318/2022,plate13-GCTGCGCCTAACATAA,7997,interpolated,midpoint,8795,7997,0.8827,0
D10191d30,A/England/220200318/2022,plate4-GACCAACTGTGGTACA,1.225e+04,interpolated,midpoint,1.24e+04,1.225e+04,0.9911,0
D10191d30,A/England/220200318/2022,plate4-CGTAATACATTTAAGA,1.472e+04,interpolated,midpoint,1.502e+04,1.472e+04,0.9604,0
D10191d30,A/England/220200318/2022,plate4-GCTGCGCCTAACATAA,1.049e+04,interpolated,midpoint,1.117e+04,1.049e+04,0.9251,0
D10191d30,A/Bangladesh/2221/2021,plate13-AAGAGAAATATTCGCT,529.1,interpolated,midpoint,536,529.1,0.9078,0
D10191d30,A/Bangladesh/2221/2021,plate13-GACAGCAATGCATACA,375.4,interpolated,midpoint,388.2,375.4,0.9488,0
D10191d30,A/Bangladesh/2221/2021,plate13-GATAGAAATACCAGGA,537,interpolated,midpoint,546.6,537,0.8689,0
D10191d30,A/Bangladesh/2221/2021,plate4-GATAGAAATACCAGGA,2011,interpolated,midpoint,3403,2011,0.7801,0
D10191d30,A/Bangladesh/2221/2021,plate4-GACAGCAATGCATACA,1272,interpolated,midpoint,1618,1272,0.7881,0
D10191d30,A/Bangladesh/2221/2021,plate4-AAGAGAAATATTCGCT,1187,interpolated,midpoint,1627,1187,0.8246,0
D10191d30,A/Paris/30353/2021,plate13-ACATAAGAACCCTATA,3554,interpolated,midpoint,3734,3554,0.9107,0
D10191d30,A/Paris/30353/2021,plate13-GTTTGACAATCACTAC,4727,interpolated,midpoint,4780,4727,0.9177,0
D10191d30,A/Paris/30353/2021,plate13-ACATTTCCCTCGATAT,3073,interpolated,midpoint,3501,3073,0.8852,0
D10191d30,A/Paris/30353/2021,plate4-ACATTTCCCTCGATAT,1.498e+04,interpolated,midpoint,1.738e+04,1.498e+04,0.8864,0
D10191d30,A/Paris/30353/2021,plate4-GTTTGACAATCACTAC,4833,interpolated,midpoint,5083,4833,0.6892,0
D10191d30,A/Paris/30353/2021,plate4-ACATAAGAACCCTATA,3980,interpolated,midpoint,4118,3980,0.9321,0
D10191d30,A/Ghana/138/2020,plate13-TAAGCCATAAATCAAT,1214,interpolated,midpoint,1299,1214,0.8669,0
D10191d30,A/Ghana/138/2020,plate13-GACTATGGTCTAAAAA,642,interpolated,midpoint,647.1,642,0.925,0
D10191d30,A/Ghana/138/2020,plate13-CCAGTTCCCTTCGATG,1226,interpolated,midpoint,1242,1226,0.9604,0
D10191d30,A/Ghana/138/2020,plate4-TAAGCCATAAATCAAT,5898,interpolated,midpoint,5560,5898,1.032,0
D10191d30,A/Ghana/138/2020,plate4-CCAGTTCCCTTCGATG,2091,interpolated,midpoint,2189,2091,0.91,0
D10191d30,A/Ghana/138/2020,plate4-GACTATGGTCTAAAAA,1149,interpolated,midpoint,1272,1149,0.8082,0
D10191d30,A/California/07/2009,plate13-CCTTTCTCAAAACATA,8852,interpolated,midpoint,9147,8852,0.9713,0
D10191d30,A/California/07/2009,plate13-GACACAGAACCCATGC,4954,interpolated,midpoint,5034,4954,0.8792,0
D10191d30,A/California/07/2009,plate13-CATGTGAATTCGCCCA,7700,interpolated,midpoint,9251,7700,0.8341,0
D10191d30,A/California/07/2009,plate13-CGCCTAATGTTAATAA,5237,interpolated,midpoint,5370,5237,0.8287,0
D10191d30,A/California/07/2009,plate4-CATGTGAATTCGCCCA,2.713e+04,interpolated,midpoint,2.545e+04,2.713e+04,1.049,0
D10191d30,A/California/07/2009,plate4-GACACAGAACCCATGC,1.92e+04,interpolated,midpoint,1.878e+04,1.92e+04,1.016,0
D10191d30,A/California/07/2009,plate4-CCTTTCTCAAAACATA,1.75e+04,interpolated,midpoint,1.744e+04,1.75e+04,1.006,0
D10191d30,A/California/07/2009,plate4-CGCCTAATGTTAATAA,1.787e+04,interpolated,midpoint,2.117e+04,1.787e+04,0.7971,0
D10191d30,A/Michigan/45/2015,plate13-TGAGGATAATCACAAG,4746,interpolated,midpoint,7345,4746,0.6392,0
D10191d30,A/Michigan/45/2015,plate13-ACAAAGTCTCGAGAAG,9331,interpolated,midpoint,1.075e+04,9331,0.8577,0
D10191d30,A/Michigan/45/2015,plate13-CACCTAGGATCGCACT,5042,interpolated,midpoint,5177,5042,0.8239,0
D10191d30,A/Michigan/45/2015,plate13-TTGAAAAAATCATAAA,8221,interpolated,midpoint,9697,8221,0.793,0
D10191d30,A/Michigan/45/2015,plate4-TGAGGATAATCACAAG,3.493e+04,interpolated,midpoint,3.501e+04,3.493e+04,0.9984,0
D10191d30,A/Michigan/45/2015,plate4-ACAAAGTCTCGAGAAG,2.31e+04,interpolated,midpoint,3.314e+04,2.31e+04,0.7715,0
D10191d30,A/Michigan/45/2015,plate4-TTGAAAAAATCATAAA,1.337e+04,interpolated,midpoint,1.476e+04,1.337e+04,0.8816,0
D10191d30,A/Michigan/45/2015,plate4-CACCTAGGATCGCACT,1.766e+04,interpolated,midpoint,1.767e+04,1.766e+04,0.999,0
D10191d30,A/Utah/27/2022,plate13-ACAATGTGACTCACCC,374.9,interpolated,midpoint,411.5,374.9,0.8781,0
D10191d30,A/Utah/27/2022,plate13-TAAATAACTCGTATTT,544.9,interpolated,midpoint,550.2,544.9,0.9112,0
D10191d30,A/Utah/27/2022,plate13-TCCTTGTAATTCAACT,514.7,interpolated,midpoint,519.9,514.7,0.9396,0
D10191d30,A/Utah/27/2022,plate4-ACAATGTGACTCACCC,980.1,interpolated,midpoint,1061,980.1,0.9374,0
D10191d30,A/Utah/27/2022,plate4-TAAATAACTCGTATTT,2075,interpolated,midpoint,2955,2075,0.8625,0
D10191d30,A/Utah/27/2022,plate4-TCCTTGTAATTCAACT,964.2,interpolated,midpoint,1043,964.2,0.8417,0
D10191d30,A/SouthAfrica/R16462/2021,plate13-CTAGCAGATTGTATAA,3921,interpolated,midpoint,4811,3921,0.7441,0
D10191d30,A/SouthAfrica/R16462/2021,plate13-CACCATTAAAGAGGTA,2492,interpolated,midpoint,2801,2492,0.8164,0
D10191d30,A/SouthAfrica/R16462/2021,plate13-CGGCGTATCGTTCACA,4985,interpolated,midpoint,5381,4985,0.8934,0
D10191d30,A/SouthAfrica/R16462/2021,plate4-CTAGCAGATTGTATAA,6719,interpolated,midpoint,6799,6719,0.971,0
D10191d30,A/SouthAfrica/R16462/2021,plate4-CGGCGTATCGTTCACA,6028,interpolated,midpoint,6439,6028,0.9478,0
D10191d30,A/SouthAfrica/R16462/2021,plate4-CACCATTAAAGAGGTA,4920,interpolated,midpoint,5081,4920,0.7682,0
D10191d30,A/Newcastle/2/2022,plate13-CAAATATATCTTCATG,433.7,interpolated,midpoint,469.1,433.7,0.8781,0
D10191d30,A/Newcastle/2/2022,plate13-TTCACTAAGATTTCAT,538.8,interpolated,midpoint,547.7,538.8,0.8276,0
D10191d30,A/Newcastle/2/2022,plate13-GCCCAAGTAGGTGCAA,541.8,interpolated,midpoint,550,541.8,0.8576,0
D10191d30,A/Newcastle/2/2022,plate4-CAAATATATCTTCATG,1015,interpolated,midpoint,1035,1015,0.9868,0
D10191d30,A/Newcastle/2/2022,plate4-TTCACTAAGATTTCAT,743.3,interpolated,midpoint,800.8,743.3,0.9221,0
D10191d30,A/Newcastle/2/2022,plate4-GCCCAAGTAGGTGCAA,925.9,interpolated,midpoint,1061,925.9,0.8801,0
D10191d30,A/Nimes/871/2021,plate13-ACCTTACTAAATCCTG,4441,interpolated,midpoint,4753,4441,0.8313,0
D10191d30,A/Nimes/871/2021,plate13-GTTCCTTTAAGCCAAA,3668,interpolated,midpoint,4254,3668,0.8424,0
D10191d30,A/Nimes/871/2021,plate13-TAATTACATTGCGGTT,4254,interpolated,midpoint,4519,4254,0.9268,0
D10191d30,A/Nimes/871/2021,plate4-GTTCCTTTAAGCCAAA,5021,interpolated,midpoint,5354,5021,0.9594,0
D10191d30,A/Nimes/871/2021,plate4-ACCTTACTAAATCCTG,6654,interpolated,midpoint,6825,6654,0.972,0
D10191d30,A/Nimes/871/2021,plate4-TAATTACATTGCGGTT,5802,interpolated,midpoint,7094,5802,0.7348,0
D10191d30,A/Brisbane/48/2022,plate13-TTATGATCTAAACAGA,528.1,interpolated,midpoint,534.7,528.1,0.9119,0
D10191d30,A/Brisbane/48/2022,plate13-GAGCTCTAAAGCAACA,518.4,interpolated,midpoint,523,518.4,0.9407,0
D10191d30,A/Brisbane/48/2022,plate13-CCCTATGCTGCGTATT,346.5,interpolated,midpoint,365.5,346.5,0.8965,0
D10191d30,A/Brisbane/48/2022,plate4-TTATGATCTAAACAGA,763.2,interpolated,midpoint,789.8,763.2,0.9408,0
D10191d30,A/Brisbane/48/2022,plate4-GAGCTCTAAAGCAACA,468.7,interpolated,midpoint,496.9,468.7,0.9011,0
D10191d30,A/Brisbane/48/2022,plate4-CCCTATGCTGCGTATT,1633,interpolated,midpoint,1663,1633,0.8784,0
D10191d30,A/Norway/25089/2022,plate13-GACTCAATAATCACAC,515.8,interpolated,midpoint,548.7,515.8,0.89,0
D10191d30,A/Norway/25089/2022,plate13-TGGAAAAGATGTAATA,198.8,interpolated,midpoint,200.7,198.8,0.9305,0
D10191d30,A/Norway/25089/2022,plate13-CGGATAAAAATGATAT,384.7,interpolated,midpoint,400,384.7,0.9359,0
D10191d30,A/Norway/25089/2022,plate4-TGGAAAAGATGTAATA,552.4,interpolated,midpoint,555.9,552.4,0.9547,0
D10191d30,A/Norway/25089/2022,plate4-GACTCAATAATCACAC,857.6,interpolated,midpoint,878.1,857.6,0.9734,0
D10191d30,A/Norway/25089/2022,plate4-CGGATAAAAATGATAT,412.8,interpolated,midpoint,421,412.8,0.9257,0
D10191d30,A/Hawaii/70/2019,plate13-AGTAAACATGCATTGG,4158,interpolated,midpoint,4541,4158,0.859,0
D10191d30,A/Hawaii/70/2019,plate13-ACATGAATTCAGACGG,4204,interpolated,midpoint,4350,4204,0.9298,0
D10191d30,A/Hawaii/70/2019,plate13-ATAGAATCGCAAATTA,3470,interpolated,midpoint,4253,3470,0.7058,0
D10191d30,A/Hawaii/70/2019,plate13-TGGAATCGTCACCGAT,7514,interpolated,midpoint,8110,7514,0.9308,0
D10191d30,A/Hawaii/70/2019,plate4-AGTAAACATGCATTGG,3891,interpolated,midpoint,3994,3891,0.9082,0
D10191d30,A/Hawaii/70/2019,plate4-TGGAATCGTCACCGAT,4494,interpolated,midpoint,5143,4494,0.5616,0
D10191d30,A/Hawaii/70/2019,plate4-ACATGAATTCAGACGG,6820,interpolated,midpoint,6830,6820,0.9982,0
D10191d30,A/Hawaii/70/2019,plate4-ATAGAATCGCAAATTA,6349,interpolated,midpoint,8602,6349,0.7702,0
