group,serum,virus,replicate,ic50,ic50_bound,midpoint,midpoint_bound,midpoint_bound_type,slope,top,bottom,r2,rmsd
Validation,no5a2,A/Wisconsin/588/2019,plate14no5a2-1-GAAGAAACTATAACCA,4.056e-05,interpolated,4.245e-05,4.245e-05,interpolated,1.908,0.9585,0,0.9908,0.0406
Validation,no5a2,A/Wisconsin/588/2019,plate14no5a2-1-TATATTAGTAACATAA,5.949e-05,interpolated,6.283e-05,6.283e-05,interpolated,10,0.7895,0,0.9763,0.05751
Validation,no5a2,A/Wisconsin/588/2019,plate14no5a2-1-AGTCCTATCCTCAAAT,3.725e-05,interpolated,4.445e-05,4.445e-05,interpolated,2.474,0.8229,0,0.9388,0.09448
Validation,no5a2,A/Wisconsin/588/2019,plate14no5a2-2-GAAGAAACTATAACCA,4.823e-05,interpolated,5.055e-05,5.055e-05,interpolated,3.389,0.9266,0,0.9929,0.03644
Validation,no5a2,A/Wisconsin/588/2019,plate14no5a2-2-TATATTAGTAACATAA,4.645e-05,interpolated,5.327e-05,5.327e-05,interpolated,2.297,0.865,0,0.9971,0.02134
Validation,no5a2,A/Wisconsin/588/2019,plate14no5a2-2-AGTCCTATCCTCAAAT,6.244e-05,interpolated,6.319e-05,6.319e-05,interpolated,10,0.9439,0,0.9969,0.02479
Validation,no5a2,A/Ghana/138/2020,plate14no5a2-1-CCAGTTCCCTTCGATG,3.209e-05,interpolated,3.478e-05,3.478e-05,interpolated,2.289,0.9159,0,0.9029,0.1254
Validation,no5a2,A/Ghana/138/2020,plate14no5a2-1-TAAGCCATAAATCAAT,7.651e-06,interpolated,7.651e-06,7.651e-06,interpolated,0.867,1,0,0.9663,0.06017
Validation,no5a2,A/Ghana/138/2020,plate14no5a2-1-GACTATGGTCTAAAAA,5.114e-06,interpolated,2.291e-05,2.291e-05,interpolated,1.097,0.5965,0,0.9856,0.02804
Validation,no5a2,A/Ghana/138/2020,plate14no5a2-2-GACTATGGTCTAAAAA,1.852e-05,interpolated,3.512e-05,3.512e-05,interpolated,1.9,0.6482,0,0.9944,0.02123
Validation,no5a2,A/Ghana/138/2020,plate14no5a2-2-TAAGCCATAAATCAAT,2.514e-05,interpolated,4.569e-05,4.569e-05,interpolated,1.437,0.7119,0,0.9628,0.05983
Validation,no5a2,A/Ghana/138/2020,plate14no5a2-2-CCAGTTCCCTTCGATG,5.754e-05,interpolated,5.896e-05,5.896e-05,interpolated,10,0.8918,0,0.9699,0.07468
Validation,no5a2,A/Hawaii/70/2019,plate14no5a2-1-ACATGAATTCAGACGG,4.152e-05,interpolated,4.445e-05,4.445e-05,interpolated,2.99,0.9078,0,0.9923,0.03672
Validation,no5a2,A/Hawaii/70/2019,plate14no5a2-1-AGTAAACATGCATTGG,6.015e-05,interpolated,6.198e-05,6.198e-05,interpolated,10,0.8701,0,0.9546,0.08992
Validation,no5a2,A/Hawaii/70/2019,plate14no5a2-1-ATAGAATCGCAAATTA,3.411e-05,interpolated,3.796e-05,3.796e-05,interpolated,1.646,0.9192,0,0.9574,0.08372
Validation,no5a2,A/Hawaii/70/2019,plate14no5a2-1-TGGAATCGTCACCGAT,5.263e-05,interpolated,5.738e-05,5.738e-05,interpolated,10,0.7108,0,0.9813,0.04704
Validation,no5a2,A/Hawaii/70/2019,plate14no5a2-2-AGTAAACATGCATTGG,3.019e-05,interpolated,4.514e-05,4.514e-05,interpolated,2.151,0.7106,0,0.9958,0.02068
Validation,no5a2,A/Hawaii/70/2019,plate14no5a2-2-TGGAATCGTCACCGAT,1.954e-05,interpolated,2.678e-05,2.678e-05,interpolated,1.805,0.7832,0,0.8811,0.1228
Validation,no5a2,A/Hawaii/70/2019,plate14no5a2-2-ATAGAATCGCAAATTA,2.733e-05,interpolated,2.766e-05,2.766e-05,interpolated,1.196,0.9928,0,0.9766,0.06211
Validation,no5a2,A/Hawaii/70/2019,plate14no5a2-2-ACATGAATTCAGACGG,2.988e-05,interpolated,3.396e-05,3.396e-05,interpolated,1.901,0.8918,0,0.9797,0.05584
Validation,no5a2,A/Nimes/871/2021,plate14no5a2-1-ACCTTACTAAATCCTG,1.7e-05,interpolated,2.017e-05,2.017e-05,interpolated,2.37,0.8337,0,0.9725,0.0582
Validation,no5a2,A/Nimes/871/2021,plate14no5a2-1-TAATTACATTGCGGTT,3.146e-05,interpolated,4.279e-05,4.279e-05,interpolated,2.37,0.7411,0,0.998,0.01481
Validation,no5a2,A/Nimes/871/2021,plate14no5a2-1-GTTCCTTTAAGCCAAA,6.13e-05,interpolated,6.245e-05,6.245e-05,interpolated,10,0.9155,0,0.9563,0.09259
Validation,no5a2,A/Nimes/871/2021,plate14no5a2-2-ACCTTACTAAATCCTG,3.68e-05,interpolated,4.891e-05,4.891e-05,interpolated,3.476,0.686,0,0.9583,0.06632
Validation,no5a2,A/Nimes/871/2021,plate14no5a2-2-TAATTACATTGCGGTT,5.879e-05,interpolated,6.099e-05,6.099e-05,interpolated,10,0.8463,0,0.9443,0.09734
Validation,no5a2,A/Nimes/871/2021,plate14no5a2-2-GTTCCTTTAAGCCAAA,2.772e-05,interpolated,2.901e-05,2.901e-05,interpolated,2.398,0.9484,0,0.9855,0.05072
Validation,no5a2,A/California/07/2009,plate14no5a2-1-CATGTGAATTCGCCCA,1.045e-05,interpolated,1.328e-05,1.328e-05,interpolated,1.09,0.8852,0,0.9,0.1062
Validation,no5a2,A/California/07/2009,plate14no5a2-1-CCTTTCTCAAAACATA,1.328e-05,interpolated,1.328e-05,1.328e-05,interpolated,1.051,1,0,0.9771,0.05661
Validation,no5a2,A/California/07/2009,plate14no5a2-1-CGCCTAATGTTAATAA,1.736e-05,interpolated,3.18e-05,3.18e-05,interpolated,1.281,0.7302,0,0.8851,0.1069
Validation,no5a2,A/California/07/2009,plate14no5a2-1-GACACAGAACCCATGC,1.318e-05,interpolated,2.948e-05,2.948e-05,interpolated,0.8497,0.7523,0,0.9364,0.07256
Validation,no5a2,A/California/07/2009,plate14no5a2-2-CCTTTCTCAAAACATA,3.711e-05,interpolated,4.575e-05,4.575e-05,interpolated,2.235,0.8133,0,0.9557,0.07881
Validation,no5a2,A/California/07/2009,plate14no5a2-2-GACACAGAACCCATGC,5.195e-05,interpolated,6.522e-05,6.522e-05,interpolated,2.916,0.7576,0,0.9759,0.05482
Validation,no5a2,A/California/07/2009,plate14no5a2-2-CGCCTAATGTTAATAA,2.272e-05,interpolated,3.315e-05,3.315e-05,interpolated,1.403,0.7944,0,0.9862,0.03928
Validation,no5a2,A/California/07/2009,plate14no5a2-2-CATGTGAATTCGCCCA,2.257e-05,interpolated,2.257e-05,2.257e-05,interpolated,1.115,1,0,0.9911,0.03715
Validation,no5a2,A/Michigan/45/2015,plate14no5a2-1-CACCTAGGATCGCACT,3.06e-05,interpolated,3.301e-05,3.301e-05,interpolated,2.944,0.9002,0,0.9634,0.07957
Validation,no5a2,A/Michigan/45/2015,plate14no5a2-1-TGAGGATAATCACAAG,1.464e-05,interpolated,1.464e-05,1.464e-05,interpolated,1.521,1,0,0.9958,0.02619
Validation,no5a2,A/Michigan/45/2015,plate14no5a2-1-TTGAAAAAATCATAAA,8.902e-06,interpolated,1.266e-05,1.266e-05,interpolated,0.8533,0.8702,0,0.9591,0.06135
Validation,no5a2,A/Michigan/45/2015,plate14no5a2-1-ACAAAGTCTCGAGAAG,1.008e-05,interpolated,1.008e-05,1.008e-05,interpolated,1.31,1,0,0.9965,0.022
Validation,no5a2,A/Michigan/45/2015,plate14no5a2-2-TGAGGATAATCACAAG,2.173e-05,interpolated,2.262e-05,2.262e-05,interpolated,5.375,0.9039,0,0.976,0.06281
Validation,no5a2,A/Michigan/45/2015,plate14no5a2-2-CACCTAGGATCGCACT,1.646e-05,interpolated,1.646e-05,1.646e-05,interpolated,2,1,0,0.9994,0.01034
Validation,no5a2,A/Michigan/45/2015,plate14no5a2-2-ACAAAGTCTCGAGAAG,1.266e-05,interpolated,1.274e-05,1.274e-05,interpolated,1.286,0.9962,0,0.9742,0.06098
Validation,no5a2,A/Michigan/45/2015,plate14no5a2-2-TTGAAAAAATCATAAA,1.155e-05,interpolated,2.075e-05,2.075e-05,interpolated,1.557,0.7009,0,0.9787,0.04276
Validation,no5a2,A/India/Pun-NIV312851/2021,plate14no5a2-1-GTAGCTATAACTAATA,1.988e-05,interpolated,1.988e-05,1.988e-05,interpolated,1.261,1,0,0.9934,0.03261
Validation,no5a2,A/India/Pun-NIV312851/2021,plate14no5a2-1-CAAGAACCCAAATATA,0.0001431,interpolated,0.0001471,0.0001471,interpolated,10,0.8781,0,0.9691,0.07774
Validation,no5a2,A/India/Pun-NIV312851/2021,plate14no5a2-1-ACAGCAAATACTCACA,5.822e-05,interpolated,6.493e-05,6.493e-05,interpolated,2.412,0.8843,0,0.9431,0.0992
Validation,no5a2,A/India/Pun-NIV312851/2021,plate14no5a2-2-ACAGCAAATACTCACA,3.822e-05,interpolated,3.985e-05,3.985e-05,interpolated,1.4,0.9716,0,0.981,0.05655
Validation,no5a2,A/India/Pun-NIV312851/2021,plate14no5a2-2-GTAGCTATAACTAATA,4.599e-05,interpolated,4.861e-05,4.861e-05,interpolated,3.046,0.9224,0,0.9789,0.06047
Validation,no5a2,A/India/Pun-NIV312851/2021,plate14no5a2-2-CAAGAACCCAAATATA,4.498e-05,interpolated,5.206e-05,5.206e-05,interpolated,3.963,0.7801,0,0.9906,0.03496
Validation,no5a2,A/Cote_DIvoire/1448/2021,plate14no5a2-1-TCGAGAACACCCATAA,2.801e-05,interpolated,3.1e-05,3.1e-05,interpolated,2.713,0.8799,0,0.9427,0.09683
Validation,no5a2,A/Cote_DIvoire/1448/2021,plate14no5a2-1-GTTAAACGATCTATAG,1.882e-05,interpolated,1.882e-05,1.882e-05,interpolated,1.344,1,0,0.9913,0.0378
Validation,no5a2,A/Cote_DIvoire/1448/2021,plate14no5a2-1-GTCCGTTGATAAAGAG,5.789e-05,interpolated,6.043e-05,6.043e-05,interpolated,10,0.8257,0,0.9071,0.1253
Validation,no5a2,A/Cote_DIvoire/1448/2021,plate14no5a2-2-GTCCGTTGATAAAGAG,2.393e-05,interpolated,3.017e-05,3.017e-05,interpolated,1.611,0.8443,0,0.9733,0.05912
Validation,no5a2,A/Cote_DIvoire/1448/2021,plate14no5a2-2-GTTAAACGATCTATAG,1.468e-05,interpolated,1.468e-05,1.468e-05,interpolated,0.8919,1,0,0.9566,0.07533
Validation,no5a2,A/Cote_DIvoire/1448/2021,plate14no5a2-2-TCGAGAACACCCATAA,2.328e-05,interpolated,2.429e-05,2.429e-05,interpolated,2.184,0.9559,0,0.9726,0.0686
Validation,no5a2,A/Togo/0274/2021,plate14no5a2-1-GTAACATTATACGATT,1.209e-05,interpolated,2.539e-05,2.539e-05,interpolated,1.186,0.7074,0,0.9674,0.05103
Validation,no5a2,A/Togo/0274/2021,plate14no5a2-1-TAGCAGATGTATCAAT,3.476e-05,interpolated,4.382e-05,4.382e-05,interpolated,2.2,0.8004,0,0.9518,0.08111
Validation,no5a2,A/Togo/0274/2021,plate14no5a2-1-AACGAATGAATTTCTT,1.069e-05,interpolated,2.281e-05,2.281e-05,interpolated,1.443,0.6674,0,0.9105,0.08512
Validation,no5a2,A/Togo/0274/2021,plate14no5a2-2-AACGAATGAATTTCTT,3.056e-05,interpolated,4.979e-05,4.979e-05,interpolated,1.576,0.7316,0,0.8615,0.1274
Validation,no5a2,A/Togo/0274/2021,plate14no5a2-2-TAGCAGATGTATCAAT,2.386e-05,interpolated,2.694e-05,2.694e-05,interpolated,1.606,0.9114,0,0.9601,0.07761
Validation,no5a2,A/Togo/0274/2021,plate14no5a2-2-GTAACATTATACGATT,5.445e-05,interpolated,5.839e-05,5.839e-05,interpolated,10,0.7484,0,0.9264,0.09957
Validation,no5a2,A/Brisbane/48/2022,plate14no5a2-1-CCCTATGCTGCGTATT,6.059e-05,interpolated,6.425e-05,6.425e-05,interpolated,10,0.7777,0,0.9362,0.09513
Validation,no5a2,A/Brisbane/48/2022,plate14no5a2-1-TTATGATCTAAACAGA,1.093e-05,interpolated,3.509e-05,3.509e-05,interpolated,0.901,0.6748,0,0.9574,0.05478
Validation,no5a2,A/Brisbane/48/2022,plate14no5a2-1-GAGCTCTAAAGCAACA,3.082e-05,interpolated,6.545e-05,6.545e-05,interpolated,1.186,0.7048,0,0.892,0.1037
Validation,no5a2,A/Brisbane/48/2022,plate14no5a2-2-CCCTATGCTGCGTATT,4.17e-05,interpolated,6.487e-05,6.487e-05,interpolated,2.114,0.6965,0,0.8896,0.1118
Validation,no5a2,A/Brisbane/48/2022,plate14no5a2-2-TTATGATCTAAACAGA,0.000142,interpolated,0.0001724,0.0001724,interpolated,10,0.572,0,0.9444,0.06755
Validation,no5a2,A/Brisbane/48/2022,plate14no5a2-2-GAGCTCTAAAGCAACA,3.08e-05,interpolated,3.904e-05,3.904e-05,interpolated,1.675,0.836,0,0.9293,0.0993
Validation,no5a2,A/Bangladesh/8036/2021,plate14no5a2-1-ATACCTCAACCTTGAA,6.694e-05,interpolated,7.116e-05,7.116e-05,interpolated,10,0.7712,0,0.985,0.04484
Validation,no5a2,A/Bangladesh/8036/2021,plate14no5a2-1-CAGTTCTGCGACCAGC,6.786e-05,interpolated,6.845e-05,6.845e-05,interpolated,2.544,0.989,0,0.998,0.02032
Validation,no5a2,A/Bangladesh/8036/2021,plate14no5a2-1-ACGGGGCCCAGGTAAT,0.0001023,interpolated,0.0001081,0.0001081,interpolated,4.683,0.8865,0,0.9834,0.05595
Validation,no5a2,A/Bangladesh/8036/2021,plate14no5a2-2-ACGGGGCCCAGGTAAT,7.798e-05,interpolated,7.914e-05,7.914e-05,interpolated,3.184,0.9769,0,0.995,0.03208
Validation,no5a2,A/Bangladesh/8036/2021,plate14no5a2-2-ATACCTCAACCTTGAA,5.327e-05,interpolated,5.524e-05,5.524e-05,interpolated,2.385,0.9585,0,0.9957,0.02835
Validation,no5a2,A/Bangladesh/8036/2021,plate14no5a2-2-CAGTTCTGCGACCAGC,1.995e-05,interpolated,3.776e-05,3.776e-05,interpolated,1.65,0.6745,0,0.8833,0.1037
Validation,no5a2,A/Utah/27/2022,plate14no5a2-1-TAAATAACTCGTATTT,2.016e-05,interpolated,2.284e-05,2.284e-05,interpolated,0.8,0.9525,0,0.9513,0.07562
Validation,no5a2,A/Utah/27/2022,plate14no5a2-1-ACAATGTGACTCACCC,4.246e-05,interpolated,5.588e-05,5.588e-05,interpolated,1.512,0.8301,0,0.9686,0.06498
Validation,no5a2,A/Utah/27/2022,plate14no5a2-1-TCCTTGTAATTCAACT,6.02e-05,interpolated,6.142e-05,6.142e-05,interpolated,10,0.9085,0,0.948,0.09665
Validation,no5a2,A/Utah/27/2022,plate14no5a2-2-ACAATGTGACTCACCC,5.463e-05,interpolated,5.732e-05,5.732e-05,interpolated,2.1,0.952,0,0.9979,0.01978
Validation,no5a2,A/Utah/27/2022,plate14no5a2-2-TCCTTGTAATTCAACT,6.039e-05,interpolated,6.158e-05,6.158e-05,interpolated,10,0.9114,0,0.9428,0.1039
Validation,no5a2,A/Utah/27/2022,plate14no5a2-2-TAAATAACTCGTATTT,0.0001502,interpolated,0.0001515,0.0001515,interpolated,10,0.9601,0,0.9909,0.04548
Validation,no5a2,A/Bangladesh/3210810034/2021,plate14no5a2-1-AACTATAGATCTAGAA,7.908e-05,interpolated,7.973e-05,7.973e-05,interpolated,1.591,0.9935,0,0.9935,0.03556
Validation,no5a2,A/Bangladesh/3210810034/2021,plate14no5a2-1-ACAAAAGTACCTCTAC,7.049e-05,interpolated,8.234e-05,8.234e-05,interpolated,2.401,0.8444,0,0.9645,0.07407
Validation,no5a2,A/Bangladesh/3210810034/2021,plate14no5a2-2-AACTATAGATCTAGAA,0.0001398,interpolated,0.0001764,0.0001764,interpolated,1.372,0.8635,0,0.938,0.09772
Validation,no5a2,A/Bangladesh/3210810034/2021,plate14no5a2-2-ACAAAAGTACCTCTAC,6.88e-05,interpolated,7.313e-05,7.313e-05,interpolated,2.34,0.9334,0,0.9657,0.07982
Validation,no5a2,A/Togo/0304/2021,plate14no5a2-1-GAAGAATGGTTTTCTG,1.166e-05,interpolated,1.403e-05,1.403e-05,interpolated,1.363,0.8886,0,0.9428,0.08395
Validation,no5a2,A/Togo/0304/2021,plate14no5a2-1-AGAGATAATAACAAAA,2.878e-05,interpolated,3.334e-05,3.334e-05,interpolated,2.092,0.8675,0,0.9718,0.06492
Validation,no5a2,A/Togo/0304/2021,plate14no5a2-1-AACTCTAAAGATATAA,1.159e-05,interpolated,1.709e-05,1.709e-05,interpolated,1.511,0.778,0,0.9203,0.09111
Validation,no5a2,A/Togo/0304/2021,plate14no5a2-2-GAAGAATGGTTTTCTG,3.673e-05,interpolated,4.503e-05,4.503e-05,interpolated,3.389,0.7506,0,0.9273,0.09762
Validation,no5a2,A/Togo/0304/2021,plate14no5a2-2-AGAGATAATAACAAAA,3.362e-05,interpolated,3.498e-05,3.498e-05,interpolated,2.235,0.9573,0,0.9968,0.02415
Validation,no5a2,A/Togo/0304/2021,plate14no5a2-2-AACTCTAAAGATATAA,2.382e-05,interpolated,3.787e-05,3.787e-05,interpolated,1.781,0.7191,0,0.8654,0.123
Validation,no5a2,A/Michigan/19/2021,plate14no5a2-1-TAATGAGCTTTATGGT,3.187e-05,interpolated,3.455e-05,3.455e-05,interpolated,2.01,0.9252,0,0.9877,0.0453
Validation,no5a2,A/Michigan/19/2021,plate14no5a2-1-AGAGAAAAAACAGTGA,4.714e-05,interpolated,6.509e-05,6.509e-05,interpolated,1.966,0.7652,0,0.9518,0.07804
Validation,no5a2,A/Michigan/19/2021,plate14no5a2-1-AACGTTAACAAATGAA,8.468e-05,interpolated,8.808e-05,8.808e-05,interpolated,3.192,0.941,0,0.992,0.03968
Validation,no5a2,A/Michigan/19/2021,plate14no5a2-2-AACGTTAACAAATGAA,6.402e-05,interpolated,6.447e-05,6.447e-05,interpolated,10,0.9655,0,0.9945,0.0339
Validation,no5a2,A/Michigan/19/2021,plate14no5a2-2-TAATGAGCTTTATGGT,3.728e-05,interpolated,4.471e-05,4.471e-05,interpolated,1.819,0.8592,0,0.9761,0.05943
Validation,no5a2,A/Michigan/19/2021,plate14no5a2-2-AGAGAAAAAACAGTGA,6.217e-05,interpolated,6.584e-05,6.584e-05,interpolated,10,0.7818,0,0.9859,0.04362
Validation,no5a2,A/Washington/23/2020,plate14no5a2-1-GAACTGGCGTCAATCA,4.732e-05,interpolated,5.583e-05,5.583e-05,interpolated,2.008,0.8588,0,0.9582,0.0809
Validation,no5a2,A/Washington/23/2020,plate14no5a2-1-GGATAAGAAAACTACT,4.33e-05,interpolated,6.318e-05,6.318e-05,interpolated,0.8,0.8696,0,0.9227,0.09562
Validation,no5a2,A/Washington/23/2020,plate14no5a2-1-ACGGAATCCCCTGAGA,2.735e-05,interpolated,3.624e-05,3.624e-05,interpolated,1.53,0.8251,0,0.9555,0.07632
Validation,no5a2,A/Washington/23/2020,plate14no5a2-2-GAACTGGCGTCAATCA,5.622e-05,interpolated,6.14e-05,6.14e-05,interpolated,10,0.7073,0,0.8613,0.1335
Validation,no5a2,A/Washington/23/2020,plate14no5a2-2-GGATAAGAAAACTACT,4.707e-05,interpolated,4.707e-05,4.707e-05,interpolated,1.833,1,0,0.9991,0.01314
Validation,no5a2,A/Washington/23/2020,plate14no5a2-2-ACGGAATCCCCTGAGA,9.098e-06,interpolated,1.069e-05,1.069e-05,interpolated,2.106,0.8564,0,0.9944,0.02532
Validation,no5a2,A/Belgium/H0038/2022,plate14no5a2-1-GATCCGTACTTTGATT,2.078e-05,interpolated,2.078e-05,2.078e-05,interpolated,1.141,1,0,0.9879,0.04358
Validation,no5a2,A/Belgium/H0038/2022,plate14no5a2-1-GCCGGAGGGCATTTTC,2.769e-05,interpolated,2.873e-05,2.873e-05,interpolated,2.118,0.9626,0,0.9982,0.01802
Validation,no5a2,A/Belgium/H0038/2022,plate14no5a2-1-TACCGTATAATTAAAA,2.3e-05,interpolated,3.455e-05,3.455e-05,interpolated,2.418,0.6869,0,0.9898,0.03122
Validation,no5a2,A/Belgium/H0038/2022,plate14no5a2-2-GCCGGAGGGCATTTTC,4.952e-05,interpolated,5.064e-05,5.064e-05,interpolated,3.595,0.9615,0,0.9952,0.03105
Validation,no5a2,A/Belgium/H0038/2022,plate14no5a2-2-GATCCGTACTTTGATT,3.318e-05,interpolated,3.508e-05,3.508e-05,interpolated,2.144,0.9438,0,0.9928,0.03554
Validation,no5a2,A/Belgium/H0038/2022,plate14no5a2-2-TACCGTATAATTAAAA,5.44e-05,interpolated,5.986e-05,5.986e-05,interpolated,10,0.6921,0,0.9691,0.05891
Validation,no5a2,A/Newcastle/2/2022,plate14no5a2-1-TTCACTAAGATTTCAT,3.402e-05,interpolated,4.765e-05,4.765e-05,interpolated,1.823,0.7705,0,0.8667,0.1326
Validation,no5a2,A/Newcastle/2/2022,plate14no5a2-1-GCCCAAGTAGGTGCAA,0.0001107,interpolated,0.000152,0.000152,interpolated,10,0.5209,0,0.9874,0.02912
Validation,no5a2,A/Newcastle/2/2022,plate14no5a2-1-CAAATATATCTTCATG,6.324e-05,interpolated,7.064e-05,7.064e-05,interpolated,10,0.6653,0,0.85,0.1316
Validation,no5a2,A/Newcastle/2/2022,plate14no5a2-2-CAAATATATCTTCATG,6.417e-05,interpolated,6.89e-05,6.89e-05,interpolated,10,0.7458,0,0.9517,0.07759
Validation,no5a2,A/Newcastle/2/2022,plate14no5a2-2-GCCCAAGTAGGTGCAA,4.956e-05,interpolated,9.581e-05,9.581e-05,interpolated,2.597,0.5903,0,0.9712,0.04704
Validation,no5a2,A/Newcastle/2/2022,plate14no5a2-2-TTCACTAAGATTTCAT,0.0001258,interpolated,0.0001414,0.0001414,interpolated,10,0.6562,0,0.9436,0.07968
Validation,no5a2,A/India-PUN-NIV328484/2021,plate14no5a2-1-TCTGTTCCGGCCCGAA,6.123e-05,interpolated,6.273e-05,6.273e-05,interpolated,10,0.8927,0,0.9854,0.05044
Validation,no5a2,A/India-PUN-NIV328484/2021,plate14no5a2-1-GATCTAATAATACGGC,4.865e-05,interpolated,5.362e-05,5.362e-05,interpolated,5.241,0.8005,0,0.9583,0.07908
Validation,no5a2,A/India-PUN-NIV328484/2021,plate14no5a2-1-TTGTCCCGAGACAACA,1.937e-05,interpolated,3.223e-05,3.223e-05,interpolated,1.284,0.7602,0,0.883,0.1136
Validation,no5a2,A/India-PUN-NIV328484/2021,plate14no5a2-2-TCTGTTCCGGCCCGAA,2.329e-05,interpolated,2.639e-05,2.639e-05,interpolated,1.159,0.9326,0,0.9801,0.05206
Validation,no5a2,A/India-PUN-NIV328484/2021,plate14no5a2-2-GATCTAATAATACGGC,7.948e-05,interpolated,9.295e-05,9.295e-05,interpolated,1.485,0.8963,0,0.9061,0.1252
Validation,no5a2,A/India-PUN-NIV328484/2021,plate14no5a2-2-TTGTCCCGAGACAACA,8.62e-06,interpolated,1.787e-05,1.787e-05,interpolated,0.8,0.779,0,0.8601,0.104
Validation,no5a2,A/SouthAfrica/R14850/2021,plate14no5a2-1-AACTCCGCAGACACTG,4.351e-05,interpolated,4.564e-05,4.564e-05,interpolated,2.305,0.948,0,0.9883,0.04668
Validation,no5a2,A/SouthAfrica/R14850/2021,plate14no5a2-1-TACTCAACAAGATAAA,3.289e-05,interpolated,3.435e-05,3.435e-05,interpolated,2.62,0.9462,0,0.988,0.0469
Validation,no5a2,A/SouthAfrica/R14850/2021,plate14no5a2-1-GAGACGTACGAAATTA,1.257e-05,interpolated,1.257e-05,1.257e-05,interpolated,1.377,1,0,0.9866,0.04535
Validation,no5a2,A/SouthAfrica/R14850/2021,plate14no5a2-2-AACTCCGCAGACACTG,5.55e-05,interpolated,5.653e-05,5.653e-05,interpolated,10,0.9158,0,0.9579,0.09228
Validation,no5a2,A/SouthAfrica/R14850/2021,plate14no5a2-2-GAGACGTACGAAATTA,5.35e-05,interpolated,5.928e-05,5.928e-05,interpolated,10,0.6793,0,0.9755,0.05135
Validation,no5a2,A/SouthAfrica/R14850/2021,plate14no5a2-2-TACTCAACAAGATAAA,2.61e-05,interpolated,2.61e-05,2.61e-05,interpolated,1.158,1,0,0.9848,0.04982
Validation,no5a2,A/Brisbane/02/2018,plate14no5a2-1-TAATAAGCCAGCAAGA,2.354e-05,interpolated,2.53e-05,2.53e-05,interpolated,2.428,0.9197,0,0.9762,0.06239
Validation,no5a2,A/Brisbane/02/2018,plate14no5a2-1-ACGACATGATCAAACG,8.381e-06,interpolated,8.381e-06,8.381e-06,interpolated,1.004,1,0,0.9891,0.03554
Validation,no5a2,A/Brisbane/02/2018,plate14no5a2-1-TTGGGCACTAAATTAA,6.431e-05,interpolated,6.692e-05,6.692e-05,interpolated,10,0.8356,0,0.9312,0.1069
Validation,no5a2,A/Brisbane/02/2018,plate14no5a2-1-ATCCGATTTAAAGGCA,1.099e-05,interpolated,3.295e-05,3.295e-05,interpolated,1.915,0.5611,0,0.8824,0.08974
Validation,no5a2,A/Brisbane/02/2018,plate14no5a2-2-TAATAAGCCAGCAAGA,5.669e-05,interpolated,6.031e-05,6.031e-05,interpolated,10,0.7696,0,0.9854,0.04463
Validation,no5a2,A/Brisbane/02/2018,plate14no5a2-2-TTGGGCACTAAATTAA,5.74e-05,interpolated,6.223e-05,6.223e-05,interpolated,3.709,0.8706,0,0.9852,0.04966
Validation,no5a2,A/Brisbane/02/2018,plate14no5a2-2-ACGACATGATCAAACG,2.179e-05,interpolated,3.38e-05,3.38e-05,interpolated,3.499,0.6076,0,0.9753,0.04455
Validation,no5a2,A/Brisbane/02/2018,plate14no5a2-2-ATCCGATTTAAAGGCA,9.456e-06,interpolated,2.605e-05,2.605e-05,interpolated,1.951,0.5692,0,0.9987,0.008962
Validation,no5a2,A/Ghana/2080/2020,plate14no5a2-1-GTAGTGCATCATTGAT,1.809e-05,interpolated,3.136e-05,3.136e-05,interpolated,1.799,0.6857,0,0.9877,0.03279
Validation,no5a2,A/Ghana/2080/2020,plate14no5a2-1-CAGCAAAAGCATCACC,1.376e-05,interpolated,2.033e-05,2.033e-05,interpolated,1.282,0.8032,0,0.9908,0.03056
Validation,no5a2,A/Ghana/2080/2020,plate14no5a2-1-GCAATCCCGCAATTTG,1.155e-05,interpolated,1.633e-05,1.633e-05,interpolated,1.205,0.8292,0,0.988,0.03484
Validation,no5a2,A/Ghana/2080/2020,plate14no5a2-2-GTAGTGCATCATTGAT,8.928e-06,interpolated,1.68e-05,1.68e-05,interpolated,1.468,0.6976,0,0.9909,0.02661
Validation,no5a2,A/Ghana/2080/2020,plate14no5a2-2-CAGCAAAAGCATCACC,9.517e-06,interpolated,1.158e-05,1.158e-05,interpolated,0.9601,0.9141,0,0.9448,0.07557
Validation,no5a2,A/Ghana/2080/2020,plate14no5a2-2-GCAATCCCGCAATTTG,2.027e-05,interpolated,2.902e-05,2.902e-05,interpolated,2.042,0.7403,0,0.8977,0.108
Validation,no5a2,A/Togo/845/2020,plate14no5a2-1-AGGTCAAGACCACAGG,1.305e-05,interpolated,1.305e-05,1.305e-05,interpolated,1.229,1,0,0.9915,0.03417
Validation,no5a2,A/Togo/845/2020,plate14no5a2-1-GCATGGATCCTTTACT,1.216e-05,interpolated,1.216e-05,1.216e-05,interpolated,0.8,1,0,0.9527,0.074
Validation,no5a2,A/Togo/845/2020,plate14no5a2-1-TTACCGTCTACGCATA,1.479e-05,interpolated,1.479e-05,1.479e-05,interpolated,1.071,1,0,0.9939,0.02886
Validation,no5a2,A/Togo/845/2020,plate14no5a2-2-AGGTCAAGACCACAGG,5.829e-05,interpolated,7.255e-05,7.255e-05,interpolated,3.002,0.7592,0,0.9972,0.01876
Validation,no5a2,A/Togo/845/2020,plate14no5a2-2-TTACCGTCTACGCATA,3.697e-05,interpolated,3.836e-05,3.836e-05,interpolated,2.504,0.956,0,0.9917,0.03946
Validation,no5a2,A/Togo/845/2020,plate14no5a2-2-GCATGGATCCTTTACT,1.448e-05,interpolated,1.745e-05,1.745e-05,interpolated,0.8,0.9308,0,0.9152,0.09819
Validation,no5a2,A/SouthAfrica/R16462/2021,plate14no5a2-1-CTAGCAGATTGTATAA,4.969e-06,interpolated,4.969e-06,4.969e-06,interpolated,0.9838,1,0,0.9535,0.06789
Validation,no5a2,A/SouthAfrica/R16462/2021,plate14no5a2-1-CGGCGTATCGTTCACA,1.414e-05,interpolated,1.493e-05,1.493e-05,interpolated,1.106,0.9707,0,0.9965,0.02143
Validation,no5a2,A/SouthAfrica/R16462/2021,plate14no5a2-1-CACCATTAAAGAGGTA,1.206e-05,interpolated,1.206e-05,1.206e-05,interpolated,1.119,1,0,0.9611,0.07461
Validation,no5a2,A/SouthAfrica/R16462/2021,plate14no5a2-2-CACCATTAAAGAGGTA,3.642e-05,interpolated,3.846e-05,3.846e-05,interpolated,1.846,0.9522,0,0.9913,0.03928
Validation,no5a2,A/SouthAfrica/R16462/2021,plate14no5a2-2-CTAGCAGATTGTATAA,5.616e-06,interpolated,5.616e-06,5.616e-06,interpolated,0.9517,1,0,0.9627,0.06155
Validation,no5a2,A/SouthAfrica/R16462/2021,plate14no5a2-2-CGGCGTATCGTTCACA,1.692e-05,interpolated,1.867e-05,1.867e-05,interpolated,1.191,0.9445,0,0.9837,0.04715
Validation,no5a2,A/England/220200318/2022,plate14no5a2-1-GACCAACTGTGGTACA,0.0003938,interpolated,0.0005008,0.0005008,interpolated,3.813,0.6999,0,0.8908,0.1118
Validation,no5a2,A/England/220200318/2022,plate14no5a2-1-CGTAATACATTTAAGA,0.0005304,interpolated,0.0005343,0.0005343,interpolated,10,0.9642,0,0.9815,0.06212
Validation,no5a2,A/England/220200318/2022,plate14no5a2-1-GCTGCGCCTAACATAA,0.0003464,interpolated,0.0003928,0.0003928,interpolated,3.583,0.8187,0,0.8238,0.176
Validation,no5a2,A/England/220200318/2022,plate14no5a2-2-GACCAACTGTGGTACA,0.001265,interpolated,0.001296,0.001296,interpolated,10,0.8939,0,0.9252,0.1154
Validation,no5a2,A/England/220200318/2022,plate14no5a2-2-CGTAATACATTTAAGA,0.000513,interpolated,0.0005199,0.0005199,interpolated,10,0.9366,0,0.9686,0.07968
Validation,no5a2,A/England/220200318/2022,plate14no5a2-2-GCTGCGCCTAACATAA,0.000544,interpolated,0.000558,0.000558,interpolated,10,0.8879,0,0.9011,0.1362
Validation,no5a2,A/Bangladesh/2221/2021,plate14no5a2-1-AAGAGAAATATTCGCT,8.5e-05,interpolated,8.591e-05,8.591e-05,interpolated,2.043,0.9893,0,0.9924,0.03906
Validation,no5a2,A/Bangladesh/2221/2021,plate14no5a2-1-GATAGAAATACCAGGA,8.182e-05,interpolated,9.526e-05,9.526e-05,interpolated,2.668,0.8332,0,0.9495,0.08879
Validation,no5a2,A/Bangladesh/2221/2021,plate14no5a2-1-GACAGCAATGCATACA,0.000104,interpolated,0.0001255,0.0001255,interpolated,4.19,0.7271,0,0.8887,0.1242
Validation,no5a2,A/Bangladesh/2221/2021,plate14no5a2-2-AAGAGAAATATTCGCT,0.0001106,interpolated,0.0001247,0.0001247,interpolated,1.407,0.9221,0,0.9621,0.07914
Validation,no5a2,A/Bangladesh/2221/2021,plate14no5a2-2-GATAGAAATACCAGGA,0.0002115,interpolated,0.0002205,0.0002205,interpolated,10,0.8296,0,0.912,0.1216
Validation,no5a2,A/Bangladesh/2221/2021,plate14no5a2-2-GACAGCAATGCATACA,0.0001574,interpolated,0.0001695,0.0001695,interpolated,10,0.7377,0,0.8546,0.1484
Validation,no5a2,A/Paris/31196/2021,plate14no5a2-1-AATAAGTATACGGGAT,0.0001282,interpolated,0.0001328,0.0001328,interpolated,9.986,0.8508,0,0.9505,0.09684
Validation,no5a2,A/Paris/31196/2021,plate14no5a2-1-AGCAGCCTGAAAATAT,2.837e-05,interpolated,3.088e-05,3.088e-05,interpolated,1.837,0.928,0,0.9631,0.07816
Validation,no5a2,A/Paris/31196/2021,plate14no5a2-1-AAACTAAAAGCAAGGG,1.214e-05,interpolated,1.214e-05,1.214e-05,interpolated,0.9346,1,0,0.9812,0.0487
Validation,no5a2,A/Paris/31196/2021,plate14no5a2-2-AGCAGCCTGAAAATAT,4.149e-05,interpolated,4.573e-05,4.573e-05,interpolated,4.951,0.8088,0,0.964,0.07443
Validation,no5a2,A/Paris/31196/2021,plate14no5a2-2-AAACTAAAAGCAAGGG,2.416e-05,interpolated,3.112e-05,3.112e-05,interpolated,1.523,0.8401,0,0.9446,0.08522
Validation,no5a2,A/Paris/31196/2021,plate14no5a2-2-AATAAGTATACGGGAT,5.969e-05,interpolated,5.97e-05,5.97e-05,interpolated,4.196,0.9998,0,0.9999,0.004241
Validation,no5a2,A/Chester/5355/2022,plate14no5a2-1-CCTCAAAATAACAAGC,6.247e-05,interpolated,6.656e-05,6.656e-05,interpolated,10,0.7649,0,0.9847,0.04378
Validation,no5a2,A/Chester/5355/2022,plate14no5a2-1-AAAAAACGCATGTAGA,9.693e-05,interpolated,0.0001038,0.0001038,interpolated,4.496,0.8671,0,0.9798,0.06026
Validation,no5a2,A/Chester/5355/2022,plate14no5a2-1-TCATATAAAGAAAAGG,7.631e-05,interpolated,8.243e-05,8.243e-05,interpolated,2.97,0.8975,0,0.9905,0.04095
Validation,no5a2,A/Chester/5355/2022,plate14no5a2-2-TCATATAAAGAAAAGG,7.559e-05,interpolated,8.092e-05,8.092e-05,interpolated,1.995,0.9364,0,0.987,0.04874
Validation,no5a2,A/Chester/5355/2022,plate14no5a2-2-AAAAAACGCATGTAGA,0.0001423,interpolated,0.0001423,0.0001423,interpolated,5.584,1,0,1,0.001574
Validation,no5a2,A/Chester/5355/2022,plate14no5a2-2-CCTCAAAATAACAAGC,4.856e-05,interpolated,6.119e-05,6.119e-05,interpolated,1.509,0.8527,0,0.9584,0.07659
Validation,no5a2,A/Bangladesh/8002/2021,plate14no5a2-1-GCAACGCCAAATAATT,4.653e-05,interpolated,5.018e-05,5.018e-05,interpolated,1.43,0.9488,0,0.9819,0.05503
Validation,no5a2,A/Bangladesh/8002/2021,plate14no5a2-1-AGTGTCCCTAAGAGGC,2.212e-05,interpolated,2.212e-05,2.212e-05,interpolated,0.8819,1,0,0.9694,0.06586
Validation,no5a2,A/Bangladesh/8002/2021,plate14no5a2-1-TCTGCTAAACTAAGTA,3.499e-05,interpolated,3.669e-05,3.669e-05,interpolated,1.597,0.9634,0,0.9828,0.05426
Validation,no5a2,A/Bangladesh/8002/2021,plate14no5a2-2-AGTGTCCCTAAGAGGC,6.521e-05,interpolated,6.83e-05,6.83e-05,interpolated,10,0.8147,0,0.8947,0.1273
Validation,no5a2,A/Bangladesh/8002/2021,plate14no5a2-2-GCAACGCCAAATAATT,4.709e-05,interpolated,6.533e-05,6.533e-05,interpolated,2.201,0.7431,0,0.9659,0.06364
Validation,no5a2,A/Bangladesh/8002/2021,plate14no5a2-2-TCTGCTAAACTAAGTA,6.765e-05,interpolated,6.944e-05,6.944e-05,interpolated,10,0.8848,0,0.9682,0.07543
Validation,no5a2,A/Belgium/H0017/2022,plate14no5a2-1-GTAAAGCAAATCCATT,0.000579,interpolated,0.0005912,0.0005912,interpolated,10,0.9061,0,0.9572,0.08686
Validation,no5a2,A/Belgium/H0017/2022,plate14no5a2-1-AATGAAAGTTAGCATT,0.0006055,interpolated,0.0006205,0.0006205,interpolated,10,0.8915,0,0.9567,0.08522
Validation,no5a2,A/Belgium/H0017/2022,plate14no5a2-1-ATGTCCATAAAAAATA,0.0005665,interpolated,0.0005714,0.0005714,interpolated,10,0.9588,0,0.9872,0.05003
Validation,no5a2,A/Belgium/H0017/2022,plate14no5a2-2-GTAAAGCAAATCCATT,0.0005583,interpolated,0.0005711,0.0005711,interpolated,10,0.899,0,0.932,0.1108
Validation,no5a2,A/Belgium/H0017/2022,plate14no5a2-2-AATGAAAGTTAGCATT,0.0006052,interpolated,0.0006074,0.0006074,interpolated,10,0.9819,0,0.9947,0.03213
Validation,no5a2,A/Belgium/H0017/2022,plate14no5a2-2-ATGTCCATAAAAAATA,0.0005783,interpolated,0.0005874,0.0005874,interpolated,10,0.9278,0,0.9237,0.1215
Validation,no5a2,A/Niger/10217/2021,plate14no5a2-1-AAATAAGTACGCAAAT,3.591e-05,interpolated,3.591e-05,3.591e-05,interpolated,1.751,1,0,0.9942,0.03313
Validation,no5a2,A/Niger/10217/2021,plate14no5a2-1-GAACGATTGTAATTTT,2.224e-05,interpolated,2.224e-05,2.224e-05,interpolated,1.112,1,0,0.9817,0.05405
Validation,no5a2,A/Niger/10217/2021,plate14no5a2-1-CATCAACCGCCATTTC,3.154e-05,interpolated,3.464e-05,3.464e-05,interpolated,1.899,0.9184,0,0.9635,0.07811
Validation,no5a2,A/Niger/10217/2021,plate14no5a2-2-AAATAAGTACGCAAAT,4.208e-05,interpolated,4.735e-05,4.735e-05,interpolated,3.454,0.8325,0,0.9801,0.05541
Validation,no5a2,A/Niger/10217/2021,plate14no5a2-2-CATCAACCGCCATTTC,0.0001097,interpolated,0.0001303,0.0001303,interpolated,3.714,0.7641,0,0.901,0.1211
Validation,no5a2,A/Niger/10217/2021,plate14no5a2-2-GAACGATTGTAATTTT,3.351e-05,interpolated,3.351e-05,3.351e-05,interpolated,0.9144,1,0,0.9413,0.09647
Validation,no5a2,A/Sydney/43/2022,plate14no5a2-1-TACGGACATTCTTAAC,3.801e-05,interpolated,7.926e-05,7.926e-05,interpolated,1.512,0.6646,0,0.9532,0.06492
Validation,no5a2,A/Sydney/43/2022,plate14no5a2-1-CTATTAATCATGCAAA,0.0001268,interpolated,0.0001414,0.0001414,interpolated,6.92,0.7344,0,0.8804,0.1365
Validation,no5a2,A/Sydney/43/2022,plate14no5a2-1-TAGTATAATAGAGCAG,7.344e-05,interpolated,8.79e-05,8.79e-05,interpolated,4.47,0.724,0,0.8732,0.132
Validation,no5a2,A/Sydney/43/2022,plate14no5a2-2-TACGGACATTCTTAAC,5.577e-05,interpolated,6.141e-05,6.141e-05,interpolated,4.777,0.8155,0,0.9758,0.06007
Validation,no5a2,A/Sydney/43/2022,plate14no5a2-2-TAGTATAATAGAGCAG,5.789e-05,interpolated,5.909e-05,5.909e-05,interpolated,10,0.907,0,0.9748,0.06841
Validation,no5a2,A/Sydney/43/2022,plate14no5a2-2-CTATTAATCATGCAAA,0.0001061,interpolated,0.0001159,0.0001159,interpolated,4.266,0.8418,0,0.937,0.1055
Validation,no5a2,A/Perth/1/2022,plate14no5a2-1-TTGGGGAAATATATAA,6.07e-05,interpolated,6.477e-05,6.477e-05,interpolated,10,0.7616,0,0.9706,0.06248
Validation,no5a2,A/Perth/1/2022,plate14no5a2-1-AGCCCCGTGAGAAGCA,1.972e-05,interpolated,1.972e-05,1.972e-05,interpolated,0.9466,1,0,0.9286,0.1033
Validation,no5a2,A/Perth/1/2022,plate14no5a2-1-CTGCACGAGAGACTTC,4.288e-05,interpolated,4.415e-05,4.415e-05,interpolated,1.498,0.9787,0,0.9856,0.05052
Validation,no5a2,A/Perth/1/2022,plate14no5a2-2-TTGGGGAAATATATAA,2.464e-05,interpolated,3.72e-05,3.72e-05,interpolated,1.909,0.7277,0,0.9935,0.02575
Validation,no5a2,A/Perth/1/2022,plate14no5a2-2-CTGCACGAGAGACTTC,5.028e-05,interpolated,5.432e-05,5.432e-05,interpolated,2.341,0.9172,0,0.9757,0.06577
Validation,no5a2,A/Perth/1/2022,plate14no5a2-2-AGCCCCGTGAGAAGCA,6.313e-05,interpolated,6.416e-05,6.416e-05,interpolated,10,0.9249,0,0.9852,0.05339
Validation,no5a2,A/Paris/30353/2021,plate14no5a2-1-ACATAAGAACCCTATA,1.763e-05,interpolated,2.357e-05,2.357e-05,interpolated,1.246,0.8483,0,0.9775,0.05177
Validation,no5a2,A/Paris/30353/2021,plate14no5a2-1-ACATTTCCCTCGATAT,1.368e-05,interpolated,1.748e-05,1.748e-05,interpolated,1.236,0.8692,0,0.9715,0.05814
Validation,no5a2,A/Paris/30353/2021,plate14no5a2-1-GTTTGACAATCACTAC,2.107e-05,interpolated,2.52e-05,2.52e-05,interpolated,0.9718,0.9202,0,0.9426,0.08659
Validation,no5a2,A/Paris/30353/2021,plate14no5a2-2-ACATTTCCCTCGATAT,5.884e-05,interpolated,6.145e-05,6.145e-05,interpolated,2.73,0.9442,0,0.9911,0.04154
Validation,no5a2,A/Paris/30353/2021,plate14no5a2-2-GTTTGACAATCACTAC,3.117e-05,interpolated,3.512e-05,3.512e-05,interpolated,2.109,0.8887,0,0.9814,0.05427
Validation,no5a2,A/Paris/30353/2021,plate14no5a2-2-ACATAAGAACCCTATA,2.448e-05,interpolated,2.859e-05,2.859e-05,interpolated,0.9681,0.9302,0,0.9529,0.07987
Validation,no5a2,A/Norway/25089/2022,plate14no5a2-1-CGGATAAAAATGATAT,9.19e-05,interpolated,0.0001359,0.0001359,interpolated,5.955,0.5487,0,0.8931,0.09595
Validation,no5a2,A/Norway/25089/2022,plate14no5a2-1-GACTCAATAATCACAC,5.16e-05,interpolated,6.185e-05,6.185e-05,interpolated,10,0.5816,0,0.9498,0.06339
Validation,no5a2,A/Norway/25089/2022,plate14no5a2-1-TGGAAAAGATGTAATA,2.39e-05,interpolated,2.68e-05,2.68e-05,interpolated,1.551,0.9188,0,0.9802,0.05452
Validation,no5a2,A/Norway/25089/2022,plate14no5a2-2-TGGAAAAGATGTAATA,5.588e-05,interpolated,6.017e-05,6.017e-05,interpolated,10,0.7387,0,0.9236,0.101
Validation,no5a2,A/Norway/25089/2022,plate14no5a2-2-GACTCAATAATCACAC,6.205e-05,interpolated,7.396e-05,7.396e-05,interpolated,10,0.5864,0,0.9473,0.06596
